-- MariaDB dump 10.19  Distrib 10.5.19-MariaDB, for debian-linux-gnu (aarch64)
--
-- Host: localhost    Database: monitoring_app
-- ------------------------------------------------------
-- Server version	10.5.19-MariaDB-0+deb11u2

/*!40101 SET @OLD_CHARACTER_SET_CLIENT=@@CHARACTER_SET_CLIENT */;
/*!40101 SET @OLD_CHARACTER_SET_RESULTS=@@CHARACTER_SET_RESULTS */;
/*!40101 SET @OLD_COLLATION_CONNECTION=@@COLLATION_CONNECTION */;
/*!40101 SET NAMES utf8mb4 */;
/*!40103 SET @OLD_TIME_ZONE=@@TIME_ZONE */;
/*!40103 SET TIME_ZONE='+00:00' */;
/*!40014 SET @OLD_UNIQUE_CHECKS=@@UNIQUE_CHECKS, UNIQUE_CHECKS=0 */;
/*!40014 SET @OLD_FOREIGN_KEY_CHECKS=@@FOREIGN_KEY_CHECKS, FOREIGN_KEY_CHECKS=0 */;
/*!40101 SET @OLD_SQL_MODE=@@SQL_MODE, SQL_MODE='NO_AUTO_VALUE_ON_ZERO' */;
/*!40111 SET @OLD_SQL_NOTES=@@SQL_NOTES, SQL_NOTES=0 */;

--
-- Table structure for table `gpioPins`
--

DROP TABLE IF EXISTS `gpioPins`;
/*!40101 SET @saved_cs_client     = @@character_set_client */;
/*!40101 SET character_set_client = utf8 */;
CREATE TABLE `gpioPins` (
  `id` int(11) NOT NULL AUTO_INCREMENT,
  `onPin` int(11) DEFAULT NULL,
  `offPin` int(11) DEFAULT NULL,
  PRIMARY KEY (`id`)
) ENGINE=InnoDB AUTO_INCREMENT=5 DEFAULT CHARSET=utf8mb4 COLLATE=utf8mb4_general_ci;
/*!40101 SET character_set_client = @saved_cs_client */;

--
-- Dumping data for table `gpioPins`
--

LOCK TABLES `gpioPins` WRITE;
/*!40000 ALTER TABLE `gpioPins` DISABLE KEYS */;
INSERT INTO `gpioPins` VALUES (1,26,20),(2,19,16),(3,12,13),(4,5,6);
/*!40000 ALTER TABLE `gpioPins` ENABLE KEYS */;
UNLOCK TABLES;

--
-- Table structure for table `machines`
--

DROP TABLE IF EXISTS `machines`;
/*!40101 SET @saved_cs_client     = @@character_set_client */;
/*!40101 SET character_set_client = utf8 */;
CREATE TABLE `machines` (
  `machineId` int(11) NOT NULL AUTO_INCREMENT,
  `machineName` varchar(255) NOT NULL,
  `machineStatus` varchar(255) NOT NULL,
  PRIMARY KEY (`machineId`)
) ENGINE=InnoDB AUTO_INCREMENT=5 DEFAULT CHARSET=utf8mb4 COLLATE=utf8mb4_general_ci;
/*!40101 SET character_set_client = @saved_cs_client */;

--
-- Dumping data for table `machines`
--

LOCK TABLES `machines` WRITE;
/*!40000 ALTER TABLE `machines` DISABLE KEYS */;
INSERT INTO `machines` VALUES (1,'CNC','offline'),(2,'pickAndPlace','offline'),(3,'robotArm','offline'),(4,'conveyor','online');
/*!40000 ALTER TABLE `machines` ENABLE KEYS */;
UNLOCK TABLES;

--
-- Table structure for table `statusLog`
--

DROP TABLE IF EXISTS `statusLog`;
/*!40101 SET @saved_cs_client     = @@character_set_client */;
/*!40101 SET character_set_client = utf8 */;
CREATE TABLE `statusLog` (
  `id` int(11) NOT NULL AUTO_INCREMENT,
  `machineId` int(11) NOT NULL,
  `newStatus` varchar(255) NOT NULL,
  `dateTime` timestamp NOT NULL DEFAULT current_timestamp() ON UPDATE current_timestamp(),
  PRIMARY KEY (`id`)
) ENGINE=InnoDB AUTO_INCREMENT=1857 DEFAULT CHARSET=utf8mb4 COLLATE=utf8mb4_general_ci;
/*!40101 SET character_set_client = @saved_cs_client */;

--
-- Dumping data for table `statusLog`
--

LOCK TABLES `statusLog` WRITE;
/*!40000 ALTER TABLE `statusLog` DISABLE KEYS */;
INSERT INTO `statusLog` VALUES (117,1,'online','2023-05-07 15:55:34'),(118,2,'online','2023-05-07 15:55:34'),(119,3,'online','2023-05-07 15:55:34'),(120,4,'online','2023-05-07 15:55:34'),(121,1,'online','2023-05-07 15:55:54'),(122,2,'online','2023-05-07 15:55:54'),(123,3,'online','2023-05-07 15:55:54'),(124,4,'offline','2023-05-07 15:55:54'),(125,1,'online','2023-05-07 15:55:55'),(126,2,'online','2023-05-07 15:55:55'),(127,3,'offline','2023-05-07 15:55:55'),(128,4,'offline','2023-05-07 15:55:55'),(129,1,'online','2023-05-07 15:56:06'),(130,2,'online','2023-05-07 15:56:06'),(131,3,'offline','2023-05-07 15:56:06'),(132,4,'offline','2023-05-07 15:56:06'),(133,1,'offline','2023-05-07 15:56:08'),(134,2,'online','2023-05-07 15:56:08'),(135,3,'offline','2023-05-07 15:56:08'),(136,4,'offline','2023-05-07 15:56:08'),(137,1,'offline','2023-05-07 15:56:10'),(138,2,'offline','2023-05-07 15:56:10'),(139,3,'offline','2023-05-07 15:56:10'),(140,4,'offline','2023-05-07 15:56:10'),(141,1,'offline','2023-05-07 15:56:11'),(142,2,'offline','2023-05-07 15:56:11'),(143,3,'offline','2023-05-07 15:56:11'),(144,4,'online','2023-05-07 15:56:11'),(145,1,'offline','2023-05-07 15:56:12'),(146,2,'online','2023-05-07 15:56:12'),(147,3,'offline','2023-05-07 15:56:12'),(148,4,'online','2023-05-07 15:56:12'),(149,1,'offline','2023-05-07 15:56:13'),(150,2,'online','2023-05-07 15:56:13'),(151,3,'online','2023-05-07 15:56:13'),(152,4,'online','2023-05-07 15:56:13'),(153,1,'online','2023-05-07 15:56:13'),(154,2,'online','2023-05-07 15:56:13'),(155,3,'online','2023-05-07 15:56:13'),(156,4,'online','2023-05-07 15:56:13'),(157,1,'online','2023-05-07 15:56:21'),(158,2,'online','2023-05-07 15:56:21'),(159,3,'online','2023-05-07 15:56:21'),(160,4,'online','2023-05-07 15:56:21'),(161,1,'online','2023-05-07 15:56:28'),(162,2,'online','2023-05-07 15:56:28'),(163,3,'online','2023-05-07 15:56:28'),(164,4,'online','2023-05-07 15:56:28'),(165,1,'online','2023-05-07 15:56:30'),(166,2,'online','2023-05-07 15:56:30'),(167,3,'online','2023-05-07 15:56:30'),(168,4,'online','2023-05-07 15:56:30'),(169,1,'online','2023-05-07 15:56:31'),(170,2,'online','2023-05-07 15:56:31'),(171,3,'online','2023-05-07 15:56:31'),(172,4,'offline','2023-05-07 15:56:31'),(173,1,'online','2023-05-07 15:58:50'),(174,2,'online','2023-05-07 15:58:50'),(175,3,'online','2023-05-07 15:58:50'),(176,4,'offline','2023-05-07 15:58:50'),(177,1,'online','2023-05-07 16:00:46'),(178,2,'online','2023-05-07 16:00:47'),(179,3,'online','2023-05-07 16:00:47'),(180,4,'offline','2023-05-07 16:00:47'),(181,1,'online','2023-05-07 16:00:50'),(182,2,'online','2023-05-07 16:00:50'),(183,3,'online','2023-05-07 16:00:50'),(184,4,'online','2023-05-07 16:00:50'),(185,1,'online','2023-05-07 16:00:51'),(186,2,'online','2023-05-07 16:00:51'),(187,3,'online','2023-05-07 16:00:51'),(188,4,'offline','2023-05-07 16:00:51'),(189,1,'offline','2023-05-07 16:01:00'),(190,2,'online','2023-05-07 16:01:00'),(191,3,'online','2023-05-07 16:01:00'),(192,4,'offline','2023-05-07 16:01:00'),(193,1,'offline','2023-05-07 16:01:08'),(194,2,'online','2023-05-07 16:01:08'),(195,3,'online','2023-05-07 16:01:08'),(196,4,'offline','2023-05-07 16:01:08'),(197,1,'online','2023-05-07 16:01:11'),(198,2,'online','2023-05-07 16:01:11'),(199,3,'online','2023-05-07 16:01:11'),(200,4,'offline','2023-05-07 16:01:11'),(201,1,'offline','2023-05-07 16:01:12'),(202,2,'online','2023-05-07 16:01:12'),(203,3,'online','2023-05-07 16:01:12'),(204,4,'offline','2023-05-07 16:01:12'),(205,1,'offline','2023-05-07 16:02:47'),(206,2,'online','2023-05-07 16:02:47'),(207,3,'online','2023-05-07 16:02:47'),(208,4,'offline','2023-05-07 16:02:47'),(209,1,'offline','2023-05-07 16:02:50'),(210,2,'online','2023-05-07 16:02:50'),(211,3,'online','2023-05-07 16:02:50'),(212,4,'online','2023-05-07 16:02:50'),(213,1,'offline','2023-05-07 16:02:54'),(214,2,'online','2023-05-07 16:02:54'),(215,3,'online','2023-05-07 16:02:54'),(216,4,'offline','2023-05-07 16:02:54'),(217,1,'online','2023-05-07 16:02:56'),(218,2,'online','2023-05-07 16:02:56'),(219,3,'online','2023-05-07 16:02:56'),(220,4,'offline','2023-05-07 16:02:56'),(221,1,'offline','2023-05-07 16:02:57'),(222,2,'online','2023-05-07 16:02:57'),(223,3,'online','2023-05-07 16:02:57'),(224,4,'offline','2023-05-07 16:02:57'),(225,1,'online','2023-05-07 16:02:58'),(226,2,'online','2023-05-07 16:02:58'),(227,3,'online','2023-05-07 16:02:58'),(228,4,'offline','2023-05-07 16:02:58'),(229,1,'online','2023-05-07 16:03:31'),(230,2,'online','2023-05-07 16:03:31'),(231,3,'online','2023-05-07 16:03:31'),(232,4,'online','2023-05-07 16:03:31'),(233,1,'online','2023-05-07 16:03:32'),(234,2,'online','2023-05-07 16:03:32'),(235,3,'online','2023-05-07 16:03:32'),(236,4,'offline','2023-05-07 16:03:32'),(237,1,'offline','2023-05-07 16:03:38'),(238,2,'online','2023-05-07 16:03:38'),(239,3,'online','2023-05-07 16:03:38'),(240,4,'offline','2023-05-07 16:03:38'),(241,1,'online','2023-05-07 16:03:45'),(242,2,'online','2023-05-07 16:03:45'),(243,3,'online','2023-05-07 16:03:45'),(244,4,'offline','2023-05-07 16:03:45'),(245,1,'online','2023-05-07 16:07:41'),(246,2,'online','2023-05-07 16:07:41'),(247,3,'online','2023-05-07 16:07:41'),(248,4,'online','2023-05-07 16:07:41'),(249,1,'offline','2023-05-07 16:07:48'),(250,2,'online','2023-05-07 16:07:48'),(251,3,'online','2023-05-07 16:07:48'),(252,4,'online','2023-05-07 16:07:48'),(253,1,'offline','2023-05-07 16:11:53'),(254,2,'online','2023-05-07 16:11:53'),(255,3,'online','2023-05-07 16:11:53'),(256,4,'online','2023-05-07 16:11:53'),(257,1,'online','2023-05-07 16:11:58'),(258,2,'online','2023-05-07 16:11:58'),(259,3,'online','2023-05-07 16:11:58'),(260,4,'online','2023-05-07 16:11:58'),(261,1,'offline','2023-05-07 16:11:59'),(262,2,'online','2023-05-07 16:11:59'),(263,3,'online','2023-05-07 16:11:59'),(264,4,'online','2023-05-07 16:11:59'),(265,1,'offline','2023-05-07 16:12:01'),(266,2,'offline','2023-05-07 16:12:01'),(267,3,'online','2023-05-07 16:12:01'),(268,4,'online','2023-05-07 16:12:01'),(269,1,'offline','2023-05-07 16:12:02'),(270,2,'online','2023-05-07 16:12:02'),(271,3,'online','2023-05-07 16:12:02'),(272,4,'online','2023-05-07 16:12:02'),(273,1,'offline','2023-05-07 16:12:03'),(274,2,'online','2023-05-07 16:12:03'),(275,3,'offline','2023-05-07 16:12:03'),(276,4,'online','2023-05-07 16:12:03'),(277,1,'offline','2023-05-07 16:12:04'),(278,2,'online','2023-05-07 16:12:04'),(279,3,'online','2023-05-07 16:12:04'),(280,4,'online','2023-05-07 16:12:04'),(281,1,'offline','2023-05-07 16:12:06'),(282,2,'online','2023-05-07 16:12:06'),(283,3,'online','2023-05-07 16:12:06'),(284,4,'offline','2023-05-07 16:12:06'),(285,1,'offline','2023-05-07 16:12:07'),(286,2,'online','2023-05-07 16:12:07'),(287,3,'online','2023-05-07 16:12:07'),(288,4,'online','2023-05-07 16:12:07'),(289,1,'offline','2023-05-07 16:12:09'),(290,2,'online','2023-05-07 16:12:09'),(291,3,'online','2023-05-07 16:12:09'),(292,4,'offline','2023-05-07 16:12:09'),(293,1,'offline','2023-05-07 16:12:12'),(294,2,'online','2023-05-07 16:12:12'),(295,3,'online','2023-05-07 16:12:12'),(296,4,'online','2023-05-07 16:12:12'),(297,1,'offline','2023-05-07 16:12:13'),(298,2,'online','2023-05-07 16:12:13'),(299,3,'online','2023-05-07 16:12:13'),(300,4,'offline','2023-05-07 16:12:13'),(301,1,'online','2023-05-07 16:12:16'),(302,2,'online','2023-05-07 16:12:16'),(303,3,'online','2023-05-07 16:12:16'),(304,4,'offline','2023-05-07 16:12:16'),(305,1,'online','2023-05-07 16:12:18'),(306,2,'online','2023-05-07 16:12:19'),(307,3,'online','2023-05-07 16:12:19'),(308,4,'offline','2023-05-07 16:12:19'),(309,1,'online','2023-05-07 16:12:20'),(310,2,'offline','2023-05-07 16:12:20'),(311,3,'online','2023-05-07 16:12:20'),(312,4,'offline','2023-05-07 16:12:20'),(313,1,'online','2023-05-07 16:12:21'),(314,2,'offline','2023-05-07 16:12:21'),(315,3,'offline','2023-05-07 16:12:21'),(316,4,'offline','2023-05-07 16:12:21'),(317,1,'offline','2023-05-07 16:12:25'),(318,2,'offline','2023-05-07 16:12:25'),(319,3,'offline','2023-05-07 16:12:25'),(320,4,'offline','2023-05-07 16:12:25'),(321,1,'online','2023-05-07 16:12:26'),(322,2,'offline','2023-05-07 16:12:26'),(323,3,'offline','2023-05-07 16:12:26'),(324,4,'offline','2023-05-07 16:12:26'),(325,1,'online','2023-05-07 16:12:27'),(326,2,'online','2023-05-07 16:12:27'),(327,3,'offline','2023-05-07 16:12:27'),(328,4,'offline','2023-05-07 16:12:27'),(329,1,'online','2023-05-07 16:12:27'),(330,2,'online','2023-05-07 16:12:27'),(331,3,'online','2023-05-07 16:12:27'),(332,4,'offline','2023-05-07 16:12:27'),(333,1,'online','2023-05-07 16:12:28'),(334,2,'online','2023-05-07 16:12:28'),(335,3,'online','2023-05-07 16:12:28'),(336,4,'online','2023-05-07 16:12:28'),(337,1,'offline','2023-05-07 16:12:51'),(338,2,'online','2023-05-07 16:12:51'),(339,3,'online','2023-05-07 16:12:51'),(340,4,'online','2023-05-07 16:12:51'),(341,1,'offline','2023-05-07 16:12:54'),(342,2,'offline','2023-05-07 16:12:54'),(343,3,'online','2023-05-07 16:12:54'),(344,4,'online','2023-05-07 16:12:54'),(345,1,'offline','2023-05-07 16:12:55'),(346,2,'offline','2023-05-07 16:12:55'),(347,3,'offline','2023-05-07 16:12:55'),(348,4,'online','2023-05-07 16:12:55'),(349,1,'offline','2023-05-07 16:13:00'),(350,2,'offline','2023-05-07 16:13:00'),(351,3,'online','2023-05-07 16:13:00'),(352,4,'online','2023-05-07 16:13:00'),(353,1,'online','2023-05-07 16:13:02'),(354,2,'offline','2023-05-07 16:13:02'),(355,3,'online','2023-05-07 16:13:02'),(356,4,'online','2023-05-07 16:13:02'),(357,1,'offline','2023-05-07 16:19:51'),(358,2,'offline','2023-05-07 16:19:51'),(359,3,'online','2023-05-07 16:19:51'),(360,4,'online','2023-05-07 16:19:51'),(361,1,'online','2023-05-07 16:19:57'),(362,2,'offline','2023-05-07 16:19:57'),(363,3,'online','2023-05-07 16:19:57'),(364,4,'online','2023-05-07 16:19:57'),(365,1,'offline','2023-05-08 13:29:23'),(366,2,'offline','2023-05-08 13:29:23'),(367,3,'online','2023-05-08 13:29:23'),(368,4,'online','2023-05-08 13:29:23'),(369,1,'online','2023-05-08 13:29:35'),(370,2,'offline','2023-05-08 13:29:35'),(371,3,'online','2023-05-08 13:29:35'),(372,4,'online','2023-05-08 13:29:35'),(373,1,'offline','2023-05-08 13:29:48'),(374,2,'offline','2023-05-08 13:29:48'),(375,3,'online','2023-05-08 13:29:48'),(376,4,'online','2023-05-08 13:29:48'),(377,1,'online','2023-05-08 13:34:57'),(378,2,'offline','2023-05-08 13:34:58'),(379,3,'online','2023-05-08 13:34:58'),(380,4,'online','2023-05-08 13:34:58'),(381,1,'offline','2023-05-08 13:35:04'),(382,2,'offline','2023-05-08 13:35:04'),(383,3,'online','2023-05-08 13:35:04'),(384,4,'online','2023-05-08 13:35:04'),(385,1,'offline','2023-05-08 13:39:20'),(386,2,'offline','2023-05-08 13:39:20'),(387,3,'online','2023-05-08 13:39:20'),(388,4,'online','2023-05-08 13:39:20'),(389,1,'offline','2023-05-08 13:48:30'),(390,2,'offline','2023-05-08 13:48:30'),(391,3,'online','2023-05-08 13:48:30'),(392,4,'online','2023-05-08 13:48:30'),(393,1,'offline','2023-05-08 13:48:32'),(394,2,'offline','2023-05-08 13:48:32'),(395,3,'online','2023-05-08 13:48:32'),(396,4,'online','2023-05-08 13:48:32'),(397,1,'online','2023-05-08 14:40:20'),(398,2,'offline','2023-05-08 14:40:20'),(399,3,'online','2023-05-08 14:40:20'),(400,4,'online','2023-05-08 14:40:20'),(401,1,'offline','2023-05-08 14:40:26'),(402,2,'offline','2023-05-08 14:40:26'),(403,3,'online','2023-05-08 14:40:26'),(404,4,'online','2023-05-08 14:40:26'),(405,1,'online','2023-05-08 14:40:35'),(406,2,'offline','2023-05-08 14:40:35'),(407,3,'online','2023-05-08 14:40:35'),(408,4,'online','2023-05-08 14:40:35'),(409,1,'online','2023-05-08 14:40:55'),(410,2,'offline','2023-05-08 14:40:55'),(411,3,'online','2023-05-08 14:40:55'),(412,4,'online','2023-05-08 14:40:55'),(413,1,'offline','2023-05-08 14:40:59'),(414,2,'offline','2023-05-08 14:40:59'),(415,3,'online','2023-05-08 14:40:59'),(416,4,'online','2023-05-08 14:40:59'),(417,1,'online','2023-05-08 14:41:02'),(418,2,'offline','2023-05-08 14:41:02'),(419,3,'online','2023-05-08 14:41:02'),(420,4,'online','2023-05-08 14:41:02'),(421,1,'offline','2023-05-08 14:41:35'),(422,2,'offline','2023-05-08 14:41:35'),(423,3,'online','2023-05-08 14:41:35'),(424,4,'online','2023-05-08 14:41:35'),(425,1,'online','2023-05-08 14:41:36'),(426,2,'offline','2023-05-08 14:41:36'),(427,3,'online','2023-05-08 14:41:36'),(428,4,'online','2023-05-08 14:41:36'),(429,1,'offline','2023-05-08 14:41:37'),(430,2,'offline','2023-05-08 14:41:37'),(431,3,'online','2023-05-08 14:41:37'),(432,4,'online','2023-05-08 14:41:37'),(433,1,'online','2023-05-08 14:41:45'),(434,2,'offline','2023-05-08 14:41:45'),(435,3,'online','2023-05-08 14:41:45'),(436,4,'online','2023-05-08 14:41:45'),(437,1,'offline','2023-05-08 15:53:09'),(438,2,'offline','2023-05-08 15:53:09'),(439,3,'online','2023-05-08 15:53:09'),(440,4,'online','2023-05-08 15:53:09'),(441,1,'offline','2023-05-08 15:53:13'),(442,2,'online','2023-05-08 15:53:13'),(443,3,'online','2023-05-08 15:53:13'),(444,4,'online','2023-05-08 15:53:13'),(445,1,'offline','2023-05-08 15:53:16'),(446,2,'online','2023-05-08 15:53:16'),(447,3,'online','2023-05-08 15:53:16'),(448,4,'offline','2023-05-08 15:53:16'),(449,1,'offline','2023-05-08 15:53:19'),(450,2,'online','2023-05-08 15:53:19'),(451,3,'offline','2023-05-08 15:53:19'),(452,4,'offline','2023-05-08 15:53:19'),(453,1,'offline','2023-05-08 15:53:29'),(454,2,'online','2023-05-08 15:53:29'),(455,3,'offline','2023-05-08 15:53:29'),(456,4,'offline','2023-05-08 15:53:29'),(457,1,'offline','2023-05-08 15:53:31'),(458,2,'online','2023-05-08 15:53:31'),(459,3,'offline','2023-05-08 15:53:31'),(460,4,'online','2023-05-08 15:53:31'),(461,1,'offline','2023-05-08 15:53:32'),(462,2,'online','2023-05-08 15:53:32'),(463,3,'online','2023-05-08 15:53:32'),(464,4,'online','2023-05-08 15:53:32'),(465,1,'online','2023-05-08 15:53:33'),(466,2,'online','2023-05-08 15:53:33'),(467,3,'online','2023-05-08 15:53:33'),(468,4,'online','2023-05-08 15:53:33'),(469,1,'online','2023-05-08 15:53:36'),(470,2,'online','2023-05-08 15:53:36'),(471,3,'online','2023-05-08 15:53:36'),(472,4,'online','2023-05-08 15:53:36'),(473,1,'online','2023-05-08 15:53:37'),(474,2,'online','2023-05-08 15:53:37'),(475,3,'online','2023-05-08 15:53:37'),(476,4,'offline','2023-05-08 15:53:37'),(477,1,'online','2023-05-08 15:53:39'),(478,2,'online','2023-05-08 15:53:39'),(479,3,'offline','2023-05-08 15:53:39'),(480,4,'offline','2023-05-08 15:53:39'),(481,1,'offline','2023-05-08 15:53:48'),(482,2,'online','2023-05-08 15:53:48'),(483,3,'offline','2023-05-08 15:53:48'),(484,4,'offline','2023-05-08 15:53:48'),(485,1,'offline','2023-05-08 15:53:48'),(486,2,'offline','2023-05-08 15:53:48'),(487,3,'offline','2023-05-08 15:53:48'),(488,4,'offline','2023-05-08 15:53:48'),(489,1,'online','2023-05-08 15:53:51'),(490,2,'offline','2023-05-08 15:53:51'),(491,3,'offline','2023-05-08 15:53:51'),(492,4,'offline','2023-05-08 15:53:51'),(493,1,'online','2023-05-08 15:53:52'),(494,2,'online','2023-05-08 15:53:52'),(495,3,'offline','2023-05-08 15:53:52'),(496,4,'offline','2023-05-08 15:53:52'),(497,1,'online','2023-05-08 15:53:53'),(498,2,'online','2023-05-08 15:53:53'),(499,3,'online','2023-05-08 15:53:53'),(500,4,'offline','2023-05-08 15:53:53'),(501,1,'online','2023-05-08 15:53:53'),(502,2,'online','2023-05-08 15:53:53'),(503,3,'online','2023-05-08 15:53:53'),(504,4,'online','2023-05-08 15:53:53'),(505,1,'offline','2023-05-08 15:53:59'),(506,2,'online','2023-05-08 15:53:59'),(507,3,'online','2023-05-08 15:53:59'),(508,4,'online','2023-05-08 15:53:59'),(509,1,'offline','2023-05-08 15:54:00'),(510,2,'offline','2023-05-08 15:54:00'),(511,3,'online','2023-05-08 15:54:00'),(512,4,'online','2023-05-08 15:54:00'),(513,1,'offline','2023-05-08 15:54:01'),(514,2,'offline','2023-05-08 15:54:01'),(515,3,'offline','2023-05-08 15:54:01'),(516,4,'online','2023-05-08 15:54:01'),(517,1,'offline','2023-05-08 15:54:02'),(518,2,'offline','2023-05-08 15:54:02'),(519,3,'offline','2023-05-08 15:54:02'),(520,4,'offline','2023-05-08 15:54:02'),(521,1,'offline','2023-05-08 15:54:08'),(522,2,'offline','2023-05-08 15:54:08'),(523,3,'offline','2023-05-08 15:54:08'),(524,4,'online','2023-05-08 15:54:08'),(525,1,'offline','2023-05-08 15:54:08'),(526,2,'offline','2023-05-08 15:54:08'),(527,3,'online','2023-05-08 15:54:08'),(528,4,'online','2023-05-08 15:54:09'),(529,1,'offline','2023-05-08 15:54:10'),(530,2,'online','2023-05-08 15:54:10'),(531,3,'online','2023-05-08 15:54:10'),(532,4,'online','2023-05-08 15:54:10'),(533,1,'online','2023-05-08 15:54:10'),(534,2,'online','2023-05-08 15:54:10'),(535,3,'online','2023-05-08 15:54:10'),(536,4,'online','2023-05-08 15:54:10'),(537,1,'offline','2023-05-08 15:54:12'),(538,2,'online','2023-05-08 15:54:12'),(539,3,'online','2023-05-08 15:54:12'),(540,4,'online','2023-05-08 15:54:12'),(541,1,'offline','2023-05-08 15:54:17'),(542,2,'offline','2023-05-08 15:54:17'),(543,3,'online','2023-05-08 15:54:17'),(544,4,'online','2023-05-08 15:54:17'),(545,1,'offline','2023-05-08 15:54:19'),(546,2,'offline','2023-05-08 15:54:19'),(547,3,'offline','2023-05-08 15:54:19'),(548,4,'online','2023-05-08 15:54:19'),(549,1,'offline','2023-05-08 15:54:19'),(550,2,'offline','2023-05-08 15:54:19'),(551,3,'offline','2023-05-08 15:54:19'),(552,4,'offline','2023-05-08 15:54:19'),(553,1,'offline','2023-05-08 15:54:21'),(554,2,'offline','2023-05-08 15:54:21'),(555,3,'offline','2023-05-08 15:54:21'),(556,4,'online','2023-05-08 15:54:21'),(557,1,'offline','2023-05-08 15:54:23'),(558,2,'online','2023-05-08 15:54:23'),(559,3,'offline','2023-05-08 15:54:23'),(560,4,'online','2023-05-08 15:54:23'),(561,1,'offline','2023-05-08 15:54:24'),(562,2,'online','2023-05-08 15:54:24'),(563,3,'online','2023-05-08 15:54:24'),(564,4,'online','2023-05-08 15:54:24'),(565,1,'online','2023-05-08 15:54:25'),(566,2,'online','2023-05-08 15:54:25'),(567,3,'online','2023-05-08 15:54:25'),(568,4,'online','2023-05-08 15:54:25'),(569,1,'offline','2023-05-08 15:54:28'),(570,2,'online','2023-05-08 15:54:28'),(571,3,'online','2023-05-08 15:54:28'),(572,4,'online','2023-05-08 15:54:28'),(573,1,'offline','2023-05-08 15:54:34'),(574,2,'offline','2023-05-08 15:54:34'),(575,3,'online','2023-05-08 15:54:34'),(576,4,'online','2023-05-08 15:54:34'),(577,1,'offline','2023-05-08 15:54:37'),(578,2,'offline','2023-05-08 15:54:37'),(579,3,'offline','2023-05-08 15:54:37'),(580,4,'online','2023-05-08 15:54:37'),(581,1,'offline','2023-05-08 15:54:42'),(582,2,'offline','2023-05-08 15:54:42'),(583,3,'offline','2023-05-08 15:54:42'),(584,4,'offline','2023-05-08 15:54:42'),(585,1,'online','2023-05-08 15:54:47'),(586,2,'offline','2023-05-08 15:54:47'),(587,3,'offline','2023-05-08 15:54:47'),(588,4,'offline','2023-05-08 15:54:47'),(589,1,'online','2023-05-08 15:54:50'),(590,2,'online','2023-05-08 15:54:50'),(591,3,'offline','2023-05-08 15:54:50'),(592,4,'offline','2023-05-08 15:54:50'),(593,1,'online','2023-05-08 15:54:51'),(594,2,'online','2023-05-08 15:54:51'),(595,3,'online','2023-05-08 15:54:51'),(596,4,'offline','2023-05-08 15:54:51'),(597,1,'online','2023-05-08 15:54:55'),(598,2,'offline','2023-05-08 15:54:55'),(599,3,'online','2023-05-08 15:54:55'),(600,4,'offline','2023-05-08 15:54:55'),(601,1,'online','2023-05-08 15:56:16'),(602,2,'offline','2023-05-08 15:56:16'),(603,3,'online','2023-05-08 15:56:16'),(604,4,'online','2023-05-08 15:56:16'),(605,1,'online','2023-05-08 15:56:18'),(606,2,'online','2023-05-08 15:56:18'),(607,3,'online','2023-05-08 15:56:18'),(608,4,'online','2023-05-08 15:56:18'),(609,1,'online','2023-05-08 16:00:58'),(610,2,'offline','2023-05-08 16:00:58'),(611,3,'online','2023-05-08 16:00:58'),(612,4,'online','2023-05-08 16:00:58'),(613,1,'offline','2023-05-09 14:12:47'),(614,2,'offline','2023-05-09 14:12:47'),(615,3,'online','2023-05-09 14:12:47'),(616,4,'online','2023-05-09 14:12:47'),(617,1,'online','2023-05-09 14:12:53'),(618,2,'offline','2023-05-09 14:12:53'),(619,3,'online','2023-05-09 14:12:53'),(620,4,'online','2023-05-09 14:12:53'),(621,1,'offline','2023-05-09 14:12:59'),(622,2,'offline','2023-05-09 14:12:59'),(623,3,'online','2023-05-09 14:12:59'),(624,4,'online','2023-05-09 14:12:59'),(625,1,'online','2023-05-09 14:13:02'),(626,2,'offline','2023-05-09 14:13:02'),(627,3,'online','2023-05-09 14:13:02'),(628,4,'online','2023-05-09 14:13:02'),(629,1,'offline','2023-05-09 14:22:59'),(630,2,'offline','2023-05-09 14:22:59'),(631,3,'online','2023-05-09 14:22:59'),(632,4,'online','2023-05-09 14:22:59'),(633,1,'online','2023-05-09 14:23:09'),(634,2,'offline','2023-05-09 14:23:09'),(635,3,'online','2023-05-09 14:23:09'),(636,4,'online','2023-05-09 14:23:09'),(637,1,'offline','2023-05-09 14:23:33'),(638,2,'offline','2023-05-09 14:23:33'),(639,3,'online','2023-05-09 14:23:33'),(640,4,'online','2023-05-09 14:23:33'),(641,1,'online','2023-05-09 14:23:37'),(642,2,'offline','2023-05-09 14:23:37'),(643,3,'online','2023-05-09 14:23:37'),(644,4,'online','2023-05-09 14:23:37'),(645,1,'offline','2023-05-09 14:25:14'),(646,2,'offline','2023-05-09 14:25:14'),(647,3,'online','2023-05-09 14:25:14'),(648,4,'online','2023-05-09 14:25:14'),(649,1,'online','2023-05-09 14:25:44'),(650,2,'offline','2023-05-09 14:25:44'),(651,3,'online','2023-05-09 14:25:44'),(652,4,'online','2023-05-09 14:25:44'),(653,1,'offline','2023-05-09 14:26:58'),(654,2,'offline','2023-05-09 14:26:58'),(655,3,'online','2023-05-09 14:26:58'),(656,4,'online','2023-05-09 14:26:58'),(657,1,'online','2023-05-09 14:27:02'),(658,2,'offline','2023-05-09 14:27:02'),(659,3,'online','2023-05-09 14:27:02'),(660,4,'online','2023-05-09 14:27:02'),(661,1,'offline','2023-05-09 14:29:20'),(662,2,'offline','2023-05-09 14:29:20'),(663,3,'online','2023-05-09 14:29:20'),(664,4,'online','2023-05-09 14:29:20'),(665,1,'offline','2023-05-09 14:30:25'),(666,2,'offline','2023-05-09 14:30:25'),(667,3,'online','2023-05-09 14:30:25'),(668,4,'online','2023-05-09 14:30:25'),(669,1,'offline','2023-05-09 14:30:28'),(670,2,'offline','2023-05-09 14:30:28'),(671,3,'offline','2023-05-09 14:30:28'),(672,4,'online','2023-05-09 14:30:28'),(673,1,'offline','2023-05-09 14:30:29'),(674,2,'offline','2023-05-09 14:30:29'),(675,3,'offline','2023-05-09 14:30:29'),(676,4,'offline','2023-05-09 14:30:29'),(677,1,'offline','2023-05-09 14:30:31'),(678,2,'offline','2023-05-09 14:30:31'),(679,3,'offline','2023-05-09 14:30:31'),(680,4,'online','2023-05-09 14:30:31'),(681,1,'offline','2023-05-09 14:30:34'),(682,2,'online','2023-05-09 14:30:34'),(683,3,'offline','2023-05-09 14:30:34'),(684,4,'online','2023-05-09 14:30:34'),(685,1,'online','2023-05-09 14:30:35'),(686,2,'online','2023-05-09 14:30:35'),(687,3,'offline','2023-05-09 14:30:35'),(688,4,'online','2023-05-09 14:30:35'),(689,1,'online','2023-05-09 14:30:36'),(690,2,'online','2023-05-09 14:30:36'),(691,3,'online','2023-05-09 14:30:36'),(692,4,'online','2023-05-09 14:30:36'),(693,1,'offline','2023-05-09 14:30:38'),(694,2,'online','2023-05-09 14:30:38'),(695,3,'online','2023-05-09 14:30:38'),(696,4,'online','2023-05-09 14:30:38'),(697,1,'offline','2023-05-09 14:30:39'),(698,2,'offline','2023-05-09 14:30:39'),(699,3,'online','2023-05-09 14:30:39'),(700,4,'online','2023-05-09 14:30:39'),(701,1,'offline','2023-05-09 14:31:25'),(702,2,'online','2023-05-09 14:31:25'),(703,3,'online','2023-05-09 14:31:25'),(704,4,'online','2023-05-09 14:31:25'),(705,1,'offline','2023-05-09 14:31:41'),(706,2,'online','2023-05-09 14:31:41'),(707,3,'online','2023-05-09 14:31:41'),(708,4,'offline','2023-05-09 14:31:41'),(709,1,'offline','2023-05-09 14:31:44'),(710,2,'offline','2023-05-09 14:31:44'),(711,3,'online','2023-05-09 14:31:44'),(712,4,'offline','2023-05-09 14:31:44'),(713,1,'offline','2023-05-09 14:31:50'),(714,2,'offline','2023-05-09 14:31:50'),(715,3,'offline','2023-05-09 14:31:50'),(716,4,'offline','2023-05-09 14:31:50'),(717,1,'offline','2023-05-09 14:31:58'),(718,2,'offline','2023-05-09 14:31:58'),(719,3,'offline','2023-05-09 14:31:58'),(720,4,'online','2023-05-09 14:31:58'),(721,1,'offline','2023-05-09 14:32:00'),(722,2,'offline','2023-05-09 14:32:00'),(723,3,'online','2023-05-09 14:32:00'),(724,4,'online','2023-05-09 14:32:00'),(725,1,'offline','2023-05-09 14:32:02'),(726,2,'online','2023-05-09 14:32:02'),(727,3,'online','2023-05-09 14:32:02'),(728,4,'online','2023-05-09 14:32:02'),(729,1,'online','2023-05-09 14:32:04'),(730,2,'online','2023-05-09 14:32:04'),(731,3,'online','2023-05-09 14:32:04'),(732,4,'online','2023-05-09 14:32:04'),(733,1,'online','2023-05-09 14:32:07'),(734,2,'online','2023-05-09 14:32:07'),(735,3,'offline','2023-05-09 14:32:07'),(736,4,'online','2023-05-09 14:32:07'),(737,1,'online','2023-05-09 14:32:09'),(738,2,'offline','2023-05-09 14:32:09'),(739,3,'offline','2023-05-09 14:32:09'),(740,4,'online','2023-05-09 14:32:09'),(741,1,'online','2023-05-09 14:30:45'),(742,2,'offline','2023-05-09 14:30:45'),(743,3,'offline','2023-05-09 14:30:45'),(744,4,'online','2023-05-09 14:30:45'),(745,1,'online','2023-05-09 14:30:50'),(746,2,'offline','2023-05-09 14:30:50'),(747,3,'offline','2023-05-09 14:30:50'),(748,4,'online','2023-05-09 14:30:50'),(749,1,'online','2023-05-09 14:30:57'),(750,2,'offline','2023-05-09 14:30:57'),(751,3,'offline','2023-05-09 14:30:57'),(752,4,'online','2023-05-09 14:30:57'),(753,1,'offline','2023-05-09 14:34:32'),(754,2,'offline','2023-05-09 14:34:32'),(755,3,'offline','2023-05-09 14:34:32'),(756,4,'online','2023-05-09 14:34:32'),(757,1,'online','2023-05-09 14:34:35'),(758,2,'offline','2023-05-09 14:34:35'),(759,3,'offline','2023-05-09 14:34:35'),(760,4,'online','2023-05-09 14:34:35'),(761,1,'online','2023-05-09 14:45:08'),(762,2,'offline','2023-05-09 14:45:08'),(763,3,'offline','2023-05-09 14:45:08'),(764,4,'online','2023-05-09 14:45:08'),(765,1,'offline','2023-05-09 14:49:28'),(766,2,'offline','2023-05-09 14:49:28'),(767,3,'offline','2023-05-09 14:49:28'),(768,4,'online','2023-05-09 14:49:28'),(769,1,'online','2023-05-09 14:49:30'),(770,2,'offline','2023-05-09 14:49:30'),(771,3,'offline','2023-05-09 14:49:30'),(772,4,'online','2023-05-09 14:49:30'),(773,1,'online','2023-05-09 14:54:00'),(774,2,'offline','2023-05-09 14:54:00'),(775,3,'offline','2023-05-09 14:54:00'),(776,4,'online','2023-05-09 14:54:00'),(777,1,'offline','2023-05-09 14:58:21'),(778,2,'offline','2023-05-09 14:58:21'),(779,3,'offline','2023-05-09 14:58:21'),(780,4,'online','2023-05-09 14:58:21'),(781,1,'offline','2023-05-09 14:58:58'),(782,2,'offline','2023-05-09 14:58:58'),(783,3,'online','2023-05-09 14:58:58'),(784,4,'online','2023-05-09 14:58:58'),(785,1,'offline','2023-05-09 14:59:05'),(786,2,'offline','2023-05-09 14:59:05'),(787,3,'online','2023-05-09 14:59:05'),(788,4,'online','2023-05-09 14:59:05'),(789,1,'offline','2023-05-09 15:06:02'),(790,2,'offline','2023-05-09 15:06:02'),(791,3,'online','2023-05-09 15:06:02'),(792,4,'online','2023-05-09 15:06:02'),(793,1,'offline','2023-05-09 15:06:33'),(794,2,'offline','2023-05-09 15:06:33'),(795,3,'online','2023-05-09 15:06:33'),(796,4,'offline','2023-05-09 15:06:33'),(797,1,'offline','2023-05-09 15:08:02'),(798,2,'offline','2023-05-09 15:08:02'),(799,3,'online','2023-05-09 15:08:02'),(800,4,'offline','2023-05-09 15:08:02'),(801,1,'online','2023-05-09 15:08:13'),(802,2,'offline','2023-05-09 15:08:13'),(803,3,'online','2023-05-09 15:08:13'),(804,4,'offline','2023-05-09 15:08:13'),(805,1,'online','2023-05-09 15:08:14'),(806,2,'online','2023-05-09 15:08:14'),(807,3,'online','2023-05-09 15:08:14'),(808,4,'offline','2023-05-09 15:08:14'),(809,1,'online','2023-05-09 15:08:15'),(810,2,'online','2023-05-09 15:08:15'),(811,3,'online','2023-05-09 15:08:15'),(812,4,'online','2023-05-09 15:08:15'),(813,1,'online','2023-05-09 15:08:17'),(814,2,'online','2023-05-09 15:08:17'),(815,3,'online','2023-05-09 15:08:17'),(816,4,'offline','2023-05-09 15:08:17'),(817,1,'online','2023-05-23 15:29:31'),(818,2,'online','2023-05-23 15:29:31'),(819,3,'online','2023-05-23 15:29:31'),(820,4,'offline','2023-05-23 15:29:31'),(821,1,'offline','2023-05-23 15:31:55'),(822,2,'online','2023-05-23 15:31:55'),(823,3,'online','2023-05-23 15:31:55'),(824,4,'offline','2023-05-23 15:31:55'),(825,1,'online','2023-05-23 15:31:56'),(826,2,'online','2023-05-23 15:31:56'),(827,3,'online','2023-05-23 15:31:56'),(828,4,'offline','2023-05-23 15:31:56'),(829,1,'offline','2023-05-23 15:45:52'),(830,2,'online','2023-05-23 15:45:52'),(831,3,'online','2023-05-23 15:45:52'),(832,4,'offline','2023-05-23 15:45:52'),(833,1,'offline','2023-05-23 15:48:27'),(834,2,'offline','2023-05-23 15:48:27'),(835,3,'online','2023-05-23 15:48:27'),(836,4,'offline','2023-05-23 15:48:27'),(837,1,'offline','2023-05-23 15:48:33'),(838,2,'online','2023-05-23 15:48:33'),(839,3,'online','2023-05-23 15:48:33'),(840,4,'offline','2023-05-23 15:48:33'),(841,1,'offline','2023-05-23 16:02:41'),(842,2,'online','2023-05-23 16:02:41'),(843,3,'online','2023-05-23 16:02:41'),(844,4,'offline','2023-05-23 16:02:41'),(845,1,'offline','2023-05-23 16:04:50'),(846,2,'online','2023-05-23 16:04:50'),(847,3,'online','2023-05-23 16:04:50'),(848,4,'offline','2023-05-23 16:04:50'),(849,1,'offline','2023-05-23 16:04:53'),(850,2,'online','2023-05-23 16:04:53'),(851,3,'online','2023-05-23 16:04:53'),(852,4,'offline','2023-05-23 16:04:53'),(853,1,'offline','2023-05-23 16:04:55'),(854,2,'online','2023-05-23 16:04:55'),(855,3,'online','2023-05-23 16:04:55'),(856,4,'offline','2023-05-23 16:04:55'),(857,1,'offline','2023-05-23 16:04:56'),(858,2,'online','2023-05-23 16:04:56'),(859,3,'online','2023-05-23 16:04:56'),(860,4,'offline','2023-05-23 16:04:56'),(861,1,'offline','2023-05-23 16:04:57'),(862,2,'offline','2023-05-23 16:04:57'),(863,3,'online','2023-05-23 16:04:57'),(864,4,'offline','2023-05-23 16:04:57'),(865,1,'offline','2023-05-23 16:04:58'),(866,2,'online','2023-05-23 16:04:58'),(867,3,'online','2023-05-23 16:04:58'),(868,4,'offline','2023-05-23 16:04:58'),(869,1,'offline','2023-05-23 16:19:45'),(870,2,'online','2023-05-23 16:19:45'),(871,3,'online','2023-05-23 16:19:45'),(872,4,'offline','2023-05-23 16:19:45'),(873,1,'online','2023-05-23 16:19:48'),(874,2,'online','2023-05-23 16:19:48'),(875,3,'online','2023-05-23 16:19:48'),(876,4,'offline','2023-05-23 16:19:48'),(877,1,'offline','2023-05-23 16:19:49'),(878,2,'online','2023-05-23 16:19:49'),(879,3,'online','2023-05-23 16:19:49'),(880,4,'offline','2023-05-23 16:19:49'),(881,1,'offline','2023-05-23 16:20:13'),(882,2,'online','2023-05-23 16:20:13'),(883,3,'online','2023-05-23 16:20:13'),(884,4,'offline','2023-05-23 16:20:13'),(885,1,'offline','2023-05-23 16:21:14'),(886,2,'online','2023-05-23 16:21:14'),(887,3,'online','2023-05-23 16:21:14'),(888,4,'offline','2023-05-23 16:21:14'),(889,1,'offline','2023-05-23 16:22:22'),(890,2,'online','2023-05-23 16:22:22'),(891,3,'online','2023-05-23 16:22:22'),(892,4,'offline','2023-05-23 16:22:22'),(893,1,'offline','2023-05-23 16:22:41'),(894,2,'online','2023-05-23 16:22:41'),(895,3,'online','2023-05-23 16:22:41'),(896,4,'offline','2023-05-23 16:22:41'),(897,1,'offline','2023-05-23 16:23:27'),(898,2,'online','2023-05-23 16:23:27'),(899,3,'online','2023-05-23 16:23:27'),(900,4,'offline','2023-05-23 16:23:27'),(901,1,'online','2023-05-23 16:23:29'),(902,2,'online','2023-05-23 16:23:29'),(903,3,'online','2023-05-23 16:23:29'),(904,4,'offline','2023-05-23 16:23:29'),(905,1,'offline','2023-05-23 16:23:31'),(906,2,'online','2023-05-23 16:23:31'),(907,3,'online','2023-05-23 16:23:31'),(908,4,'offline','2023-05-23 16:23:31'),(909,1,'offline','2023-05-23 16:23:46'),(910,2,'online','2023-05-23 16:23:46'),(911,3,'online','2023-05-23 16:23:46'),(912,4,'offline','2023-05-23 16:23:46'),(913,1,'offline','2023-05-23 16:24:03'),(914,2,'online','2023-05-23 16:24:03'),(915,3,'online','2023-05-23 16:24:03'),(916,4,'offline','2023-05-23 16:24:03'),(917,1,'offline','2023-05-23 16:24:19'),(918,2,'online','2023-05-23 16:24:19'),(919,3,'online','2023-05-23 16:24:19'),(920,4,'offline','2023-05-23 16:24:19'),(921,1,'offline','2023-05-23 16:25:26'),(922,2,'online','2023-05-23 16:25:26'),(923,3,'online','2023-05-23 16:25:26'),(924,4,'offline','2023-05-23 16:25:26'),(925,1,'offline','2023-05-23 16:25:44'),(926,2,'online','2023-05-23 16:25:44'),(927,3,'online','2023-05-23 16:25:44'),(928,4,'offline','2023-05-23 16:25:44'),(929,1,'offline','2023-05-23 16:25:58'),(930,2,'online','2023-05-23 16:25:58'),(931,3,'online','2023-05-23 16:25:58'),(932,4,'offline','2023-05-23 16:25:58'),(933,1,'offline','2023-05-23 16:26:13'),(934,2,'online','2023-05-23 16:26:13'),(935,3,'online','2023-05-23 16:26:13'),(936,4,'offline','2023-05-23 16:26:13'),(937,1,'offline','2023-05-23 16:26:25'),(938,2,'online','2023-05-23 16:26:25'),(939,3,'online','2023-05-23 16:26:25'),(940,4,'offline','2023-05-23 16:26:25'),(941,1,'offline','2023-05-23 16:26:35'),(942,2,'online','2023-05-23 16:26:35'),(943,3,'online','2023-05-23 16:26:35'),(944,4,'offline','2023-05-23 16:26:35'),(945,1,'offline','2023-05-23 16:27:31'),(946,2,'online','2023-05-23 16:27:31'),(947,3,'online','2023-05-23 16:27:31'),(948,4,'offline','2023-05-23 16:27:31'),(949,1,'offline','2023-05-23 16:27:40'),(950,2,'online','2023-05-23 16:27:40'),(951,3,'online','2023-05-23 16:27:40'),(952,4,'offline','2023-05-23 16:27:40'),(953,1,'offline','2023-05-23 16:27:47'),(954,2,'online','2023-05-23 16:27:47'),(955,3,'online','2023-05-23 16:27:47'),(956,4,'offline','2023-05-23 16:27:47'),(957,1,'offline','2023-05-23 16:28:02'),(958,2,'online','2023-05-23 16:28:02'),(959,3,'online','2023-05-23 16:28:02'),(960,4,'offline','2023-05-23 16:28:02'),(961,1,'offline','2023-05-23 16:28:12'),(962,2,'online','2023-05-23 16:28:12'),(963,3,'online','2023-05-23 16:28:12'),(964,4,'online','2023-05-23 16:28:12'),(965,1,'offline','2023-05-23 16:28:13'),(966,2,'online','2023-05-23 16:28:13'),(967,3,'online','2023-05-23 16:28:13'),(968,4,'offline','2023-05-23 16:28:13'),(969,1,'online','2023-05-23 16:28:14'),(970,2,'online','2023-05-23 16:28:14'),(971,3,'online','2023-05-23 16:28:14'),(972,4,'offline','2023-05-23 16:28:14'),(973,1,'offline','2023-05-23 16:28:15'),(974,2,'online','2023-05-23 16:28:15'),(975,3,'online','2023-05-23 16:28:15'),(976,4,'offline','2023-05-23 16:28:15'),(977,1,'offline','2023-05-23 16:30:44'),(978,2,'online','2023-05-23 16:30:44'),(979,3,'online','2023-05-23 16:30:44'),(980,4,'offline','2023-05-23 16:30:44'),(981,1,'offline','2023-05-23 16:31:01'),(982,2,'online','2023-05-23 16:31:01'),(983,3,'online','2023-05-23 16:31:01'),(984,4,'offline','2023-05-23 16:31:01'),(985,1,'offline','2023-05-23 16:31:04'),(986,2,'online','2023-05-23 16:31:04'),(987,3,'online','2023-05-23 16:31:04'),(988,4,'offline','2023-05-23 16:31:04'),(989,1,'offline','2023-05-23 16:31:22'),(990,2,'online','2023-05-23 16:31:22'),(991,3,'online','2023-05-23 16:31:22'),(992,4,'offline','2023-05-23 16:31:22'),(993,1,'offline','2023-05-23 16:31:25'),(994,2,'online','2023-05-23 16:31:25'),(995,3,'online','2023-05-23 16:31:25'),(996,4,'offline','2023-05-23 16:31:25'),(997,1,'offline','2023-05-23 16:31:33'),(998,2,'online','2023-05-23 16:31:33'),(999,3,'online','2023-05-23 16:31:33'),(1000,4,'offline','2023-05-23 16:31:33'),(1001,1,'offline','2023-05-23 16:32:03'),(1002,2,'online','2023-05-23 16:32:03'),(1003,3,'online','2023-05-23 16:32:03'),(1004,4,'offline','2023-05-23 16:32:03'),(1005,1,'offline','2023-05-23 16:32:53'),(1006,2,'online','2023-05-23 16:32:53'),(1007,3,'online','2023-05-23 16:32:53'),(1008,4,'offline','2023-05-23 16:32:53'),(1009,1,'offline','2023-05-23 16:32:59'),(1010,2,'online','2023-05-23 16:32:59'),(1011,3,'online','2023-05-23 16:32:59'),(1012,4,'offline','2023-05-23 16:32:59'),(1013,1,'offline','2023-05-23 16:48:30'),(1014,2,'online','2023-05-23 16:48:30'),(1015,3,'online','2023-05-23 16:48:30'),(1016,4,'offline','2023-05-23 16:48:30'),(1017,1,'offline','2023-05-23 16:48:33'),(1018,2,'online','2023-05-23 16:48:33'),(1019,3,'online','2023-05-23 16:48:33'),(1020,4,'offline','2023-05-23 16:48:33'),(1021,1,'offline','2023-05-23 17:52:19'),(1022,2,'offline','2023-05-23 17:52:19'),(1023,3,'online','2023-05-23 17:52:19'),(1024,4,'offline','2023-05-23 17:52:19'),(1025,1,'offline','2023-05-23 17:52:39'),(1026,2,'online','2023-05-23 17:52:39'),(1027,3,'online','2023-05-23 17:52:39'),(1028,4,'offline','2023-05-23 17:52:39'),(1029,1,'offline','2023-05-25 17:25:42'),(1030,2,'online','2023-05-25 17:25:42'),(1031,3,'offline','2023-05-25 17:25:42'),(1032,4,'offline','2023-05-25 17:25:42'),(1033,1,'offline','2023-05-25 17:26:43'),(1034,2,'online','2023-05-25 17:26:43'),(1035,3,'offline','2023-05-25 17:26:43'),(1036,4,'offline','2023-05-25 17:26:43'),(1037,1,'offline','2023-05-25 17:26:45'),(1038,2,'online','2023-05-25 17:26:45'),(1039,3,'offline','2023-05-25 17:26:45'),(1040,4,'offline','2023-05-25 17:26:45'),(1041,1,'offline','2023-05-25 17:26:48'),(1042,2,'online','2023-05-25 17:26:48'),(1043,3,'offline','2023-05-25 17:26:48'),(1044,4,'offline','2023-05-25 17:26:48'),(1045,1,'offline','2023-05-25 17:26:52'),(1046,2,'online','2023-05-25 17:26:52'),(1047,3,'offline','2023-05-25 17:26:52'),(1048,4,'offline','2023-05-25 17:26:52'),(1049,1,'offline','2023-05-25 17:30:53'),(1050,2,'online','2023-05-25 17:30:53'),(1051,3,'offline','2023-05-25 17:30:53'),(1052,4,'offline','2023-05-25 17:30:53'),(1053,1,'offline','2023-05-25 17:30:54'),(1054,2,'online','2023-05-25 17:30:54'),(1055,3,'offline','2023-05-25 17:30:54'),(1056,4,'offline','2023-05-25 17:30:54'),(1057,1,'offline','2023-05-25 17:30:55'),(1058,2,'online','2023-05-25 17:30:55'),(1059,3,'offline','2023-05-25 17:30:55'),(1060,4,'offline','2023-05-25 17:30:55'),(1061,1,'offline','2023-05-25 17:30:57'),(1062,2,'online','2023-05-25 17:30:57'),(1063,3,'offline','2023-05-25 17:30:57'),(1064,4,'offline','2023-05-25 17:30:57'),(1065,1,'online','2023-05-25 17:30:59'),(1066,2,'online','2023-05-25 17:30:59'),(1067,3,'offline','2023-05-25 17:30:59'),(1068,4,'offline','2023-05-25 17:30:59'),(1069,1,'offline','2023-05-25 17:31:00'),(1070,2,'online','2023-05-25 17:31:00'),(1071,3,'offline','2023-05-25 17:31:00'),(1072,4,'offline','2023-05-25 17:31:00'),(1073,1,'offline','2023-05-25 17:31:01'),(1074,2,'online','2023-05-25 17:31:01'),(1075,3,'online','2023-05-25 17:31:01'),(1076,4,'offline','2023-05-25 17:31:01'),(1077,1,'offline','2023-05-25 17:31:02'),(1078,2,'online','2023-05-25 17:31:02'),(1079,3,'offline','2023-05-25 17:31:02'),(1080,4,'offline','2023-05-25 17:31:02'),(1081,1,'offline','2023-05-25 17:31:03'),(1082,2,'online','2023-05-25 17:31:03'),(1083,3,'offline','2023-05-25 17:31:03'),(1084,4,'online','2023-05-25 17:31:03'),(1085,1,'offline','2023-05-25 17:31:04'),(1086,2,'online','2023-05-25 17:31:04'),(1087,3,'offline','2023-05-25 17:31:04'),(1088,4,'offline','2023-05-25 17:31:04'),(1089,1,'offline','2023-05-25 17:32:16'),(1090,2,'online','2023-05-25 17:32:16'),(1091,3,'offline','2023-05-25 17:32:16'),(1092,4,'offline','2023-05-25 17:32:16'),(1093,1,'offline','2023-05-25 17:32:19'),(1094,2,'online','2023-05-25 17:32:19'),(1095,3,'offline','2023-05-25 17:32:19'),(1096,4,'offline','2023-05-25 17:32:19'),(1097,1,'offline','2023-05-25 17:32:32'),(1098,2,'online','2023-05-25 17:32:32'),(1099,3,'offline','2023-05-25 17:32:32'),(1100,4,'offline','2023-05-25 17:32:32'),(1101,1,'offline','2023-05-25 17:32:53'),(1102,2,'online','2023-05-25 17:32:53'),(1103,3,'offline','2023-05-25 17:32:53'),(1104,4,'offline','2023-05-25 17:32:53'),(1105,1,'offline','2023-05-25 17:32:57'),(1106,2,'online','2023-05-25 17:32:57'),(1107,3,'offline','2023-05-25 17:32:57'),(1108,4,'offline','2023-05-25 17:32:57'),(1109,1,'offline','2023-05-25 17:33:02'),(1110,2,'online','2023-05-25 17:33:02'),(1111,3,'offline','2023-05-25 17:33:02'),(1112,4,'offline','2023-05-25 17:33:02'),(1113,1,'offline','2023-05-25 17:33:09'),(1114,2,'online','2023-05-25 17:33:09'),(1115,3,'offline','2023-05-25 17:33:09'),(1116,4,'offline','2023-05-25 17:33:09'),(1117,1,'offline','2023-05-25 17:33:16'),(1118,2,'online','2023-05-25 17:33:16'),(1119,3,'offline','2023-05-25 17:33:16'),(1120,4,'offline','2023-05-25 17:33:16'),(1121,1,'offline','2023-05-25 17:33:28'),(1122,2,'online','2023-05-25 17:33:28'),(1123,3,'offline','2023-05-25 17:33:28'),(1124,4,'offline','2023-05-25 17:33:28'),(1125,1,'offline','2023-05-25 17:33:49'),(1126,2,'online','2023-05-25 17:33:49'),(1127,3,'offline','2023-05-25 17:33:49'),(1128,4,'offline','2023-05-25 17:33:49'),(1129,1,'offline','2023-05-25 17:34:18'),(1130,2,'online','2023-05-25 17:34:18'),(1131,3,'offline','2023-05-25 17:34:18'),(1132,4,'offline','2023-05-25 17:34:18'),(1133,1,'offline','2023-05-25 17:34:32'),(1134,2,'online','2023-05-25 17:34:32'),(1135,3,'offline','2023-05-25 17:34:32'),(1136,4,'offline','2023-05-25 17:34:32'),(1137,1,'offline','2023-05-25 17:34:56'),(1138,2,'online','2023-05-25 17:34:56'),(1139,3,'offline','2023-05-25 17:34:56'),(1140,4,'offline','2023-05-25 17:34:56'),(1141,1,'offline','2023-05-25 17:35:06'),(1142,2,'online','2023-05-25 17:35:06'),(1143,3,'offline','2023-05-25 17:35:06'),(1144,4,'offline','2023-05-25 17:35:06'),(1145,1,'offline','2023-05-25 17:35:12'),(1146,2,'online','2023-05-25 17:35:12'),(1147,3,'offline','2023-05-25 17:35:12'),(1148,4,'offline','2023-05-25 17:35:12'),(1149,1,'offline','2023-05-25 17:35:26'),(1150,2,'online','2023-05-25 17:35:26'),(1151,3,'offline','2023-05-25 17:35:26'),(1152,4,'offline','2023-05-25 17:35:26'),(1153,1,'offline','2023-05-25 17:35:54'),(1154,2,'online','2023-05-25 17:35:54'),(1155,3,'offline','2023-05-25 17:35:54'),(1156,4,'offline','2023-05-25 17:35:54'),(1157,1,'offline','2023-05-25 17:36:20'),(1158,2,'online','2023-05-25 17:36:20'),(1159,3,'offline','2023-05-25 17:36:20'),(1160,4,'offline','2023-05-25 17:36:20'),(1161,1,'offline','2023-05-25 17:37:21'),(1162,2,'online','2023-05-25 17:37:21'),(1163,3,'offline','2023-05-25 17:37:21'),(1164,4,'offline','2023-05-25 17:37:21'),(1165,1,'offline','2023-05-25 17:37:40'),(1166,2,'online','2023-05-25 17:37:40'),(1167,3,'offline','2023-05-25 17:37:40'),(1168,4,'offline','2023-05-25 17:37:40'),(1169,1,'offline','2023-05-25 17:38:11'),(1170,2,'online','2023-05-25 17:38:11'),(1171,3,'offline','2023-05-25 17:38:11'),(1172,4,'offline','2023-05-25 17:38:11'),(1173,1,'offline','2023-05-25 17:38:23'),(1174,2,'online','2023-05-25 17:38:23'),(1175,3,'offline','2023-05-25 17:38:23'),(1176,4,'offline','2023-05-25 17:38:23'),(1177,1,'offline','2023-05-25 17:38:51'),(1178,2,'online','2023-05-25 17:38:51'),(1179,3,'offline','2023-05-25 17:38:51'),(1180,4,'offline','2023-05-25 17:38:51'),(1181,1,'offline','2023-05-25 17:39:02'),(1182,2,'online','2023-05-25 17:39:02'),(1183,3,'offline','2023-05-25 17:39:02'),(1184,4,'offline','2023-05-25 17:39:02'),(1185,1,'offline','2023-05-25 17:39:28'),(1186,2,'online','2023-05-25 17:39:28'),(1187,3,'offline','2023-05-25 17:39:28'),(1188,4,'offline','2023-05-25 17:39:28'),(1189,1,'offline','2023-05-25 17:39:41'),(1190,2,'online','2023-05-25 17:39:41'),(1191,3,'offline','2023-05-25 17:39:41'),(1192,4,'offline','2023-05-25 17:39:41'),(1193,1,'offline','2023-05-25 17:39:56'),(1194,2,'online','2023-05-25 17:39:56'),(1195,3,'offline','2023-05-25 17:39:56'),(1196,4,'offline','2023-05-25 17:39:56'),(1197,1,'offline','2023-05-25 17:40:11'),(1198,2,'online','2023-05-25 17:40:11'),(1199,3,'offline','2023-05-25 17:40:11'),(1200,4,'offline','2023-05-25 17:40:11'),(1201,1,'offline','2023-05-25 17:40:38'),(1202,2,'online','2023-05-25 17:40:38'),(1203,3,'offline','2023-05-25 17:40:38'),(1204,4,'offline','2023-05-25 17:40:38'),(1205,1,'offline','2023-05-25 17:40:58'),(1206,2,'online','2023-05-25 17:40:58'),(1207,3,'offline','2023-05-25 17:40:58'),(1208,4,'offline','2023-05-25 17:40:58'),(1209,1,'offline','2023-05-25 17:41:15'),(1210,2,'online','2023-05-25 17:41:15'),(1211,3,'offline','2023-05-25 17:41:15'),(1212,4,'offline','2023-05-25 17:41:15'),(1213,1,'offline','2023-05-25 17:42:07'),(1214,2,'online','2023-05-25 17:42:07'),(1215,3,'offline','2023-05-25 17:42:07'),(1216,4,'offline','2023-05-25 17:42:07'),(1217,1,'offline','2023-05-25 17:42:43'),(1218,2,'online','2023-05-25 17:42:43'),(1219,3,'offline','2023-05-25 17:42:43'),(1220,4,'offline','2023-05-25 17:42:43'),(1221,1,'offline','2023-05-25 17:42:55'),(1222,2,'online','2023-05-25 17:42:55'),(1223,3,'offline','2023-05-25 17:42:55'),(1224,4,'offline','2023-05-25 17:42:55'),(1225,1,'offline','2023-05-25 17:43:01'),(1226,2,'online','2023-05-25 17:43:01'),(1227,3,'offline','2023-05-25 17:43:01'),(1228,4,'offline','2023-05-25 17:43:01'),(1229,1,'offline','2023-05-25 17:43:20'),(1230,2,'online','2023-05-25 17:43:20'),(1231,3,'offline','2023-05-25 17:43:20'),(1232,4,'offline','2023-05-25 17:43:20'),(1233,1,'offline','2023-05-25 17:43:34'),(1234,2,'online','2023-05-25 17:43:34'),(1235,3,'offline','2023-05-25 17:43:34'),(1236,4,'offline','2023-05-25 17:43:34'),(1237,1,'offline','2023-05-25 17:43:43'),(1238,2,'online','2023-05-25 17:43:43'),(1239,3,'offline','2023-05-25 17:43:43'),(1240,4,'offline','2023-05-25 17:43:43'),(1241,1,'offline','2023-05-25 17:43:51'),(1242,2,'online','2023-05-25 17:43:51'),(1243,3,'offline','2023-05-25 17:43:51'),(1244,4,'offline','2023-05-25 17:43:51'),(1245,1,'offline','2023-05-25 17:44:09'),(1246,2,'online','2023-05-25 17:44:09'),(1247,3,'offline','2023-05-25 17:44:09'),(1248,4,'offline','2023-05-25 17:44:09'),(1249,1,'offline','2023-05-25 17:44:31'),(1250,2,'online','2023-05-25 17:44:31'),(1251,3,'offline','2023-05-25 17:44:31'),(1252,4,'online','2023-05-25 17:44:31'),(1253,1,'online','2023-05-25 17:44:37'),(1254,2,'online','2023-05-25 17:44:37'),(1255,3,'offline','2023-05-25 17:44:37'),(1256,4,'online','2023-05-25 17:44:37'),(1257,1,'online','2023-05-25 17:44:39'),(1258,2,'online','2023-05-25 17:44:39'),(1259,3,'online','2023-05-25 17:44:39'),(1260,4,'online','2023-05-25 17:44:39'),(1261,1,'online','2023-05-25 17:44:40'),(1262,2,'online','2023-05-25 17:44:40'),(1263,3,'online','2023-05-25 17:44:40'),(1264,4,'offline','2023-05-25 17:44:40'),(1265,1,'online','2023-05-25 17:45:17'),(1266,2,'online','2023-05-25 17:45:17'),(1267,3,'online','2023-05-25 17:45:17'),(1268,4,'offline','2023-05-25 17:45:17'),(1269,1,'online','2023-05-25 17:52:20'),(1270,2,'online','2023-05-25 17:52:20'),(1271,3,'online','2023-05-25 17:52:20'),(1272,4,'offline','2023-05-25 17:52:20'),(1273,1,'online','2023-05-25 17:52:32'),(1274,2,'online','2023-05-25 17:52:32'),(1275,3,'online','2023-05-25 17:52:32'),(1276,4,'offline','2023-05-25 17:52:32'),(1277,1,'online','2023-05-25 17:52:38'),(1278,2,'online','2023-05-25 17:52:38'),(1279,3,'online','2023-05-25 17:52:38'),(1280,4,'offline','2023-05-25 17:52:38'),(1281,1,'online','2023-05-25 17:52:43'),(1282,2,'online','2023-05-25 17:52:43'),(1283,3,'online','2023-05-25 17:52:43'),(1284,4,'offline','2023-05-25 17:52:43'),(1285,1,'online','2023-05-25 17:52:45'),(1286,2,'online','2023-05-25 17:52:45'),(1287,3,'online','2023-05-25 17:52:45'),(1288,4,'offline','2023-05-25 17:52:45'),(1289,1,'offline','2023-05-25 17:52:46'),(1290,2,'online','2023-05-25 17:52:46'),(1291,3,'online','2023-05-25 17:52:46'),(1292,4,'offline','2023-05-25 17:52:46'),(1293,1,'offline','2023-05-25 17:52:47'),(1294,2,'offline','2023-05-25 17:52:47'),(1295,3,'online','2023-05-25 17:52:47'),(1296,4,'offline','2023-05-25 17:52:47'),(1297,1,'offline','2023-05-25 17:52:48'),(1298,2,'offline','2023-05-25 17:52:48'),(1299,3,'offline','2023-05-25 17:52:48'),(1300,4,'offline','2023-05-25 17:52:48'),(1301,1,'offline','2023-05-25 17:52:50'),(1302,2,'offline','2023-05-25 17:52:50'),(1303,3,'offline','2023-05-25 17:52:50'),(1304,4,'offline','2023-05-25 17:52:50'),(1305,1,'offline','2023-05-25 19:48:00'),(1306,2,'offline','2023-05-25 19:48:00'),(1307,3,'online','2023-05-25 19:48:00'),(1308,4,'offline','2023-05-25 19:48:00'),(1309,1,'offline','2023-05-27 08:07:12'),(1310,2,'offline','2023-05-27 08:07:12'),(1311,3,'online','2023-05-27 08:07:12'),(1312,4,'offline','2023-05-27 08:07:12'),(1313,1,'offline','2023-05-27 08:07:17'),(1314,2,'offline','2023-05-27 08:07:17'),(1315,3,'offline','2023-05-27 08:07:17'),(1316,4,'offline','2023-05-27 08:07:17'),(1317,1,'offline','2023-05-27 08:07:20'),(1318,2,'offline','2023-05-27 08:07:20'),(1319,3,'online','2023-05-27 08:07:20'),(1320,4,'offline','2023-05-27 08:07:20'),(1321,1,'online','2023-05-27 08:22:08'),(1322,2,'offline','2023-05-27 08:22:08'),(1323,3,'online','2023-05-27 08:22:08'),(1324,4,'offline','2023-05-27 08:22:08'),(1325,1,'offline','2023-05-27 08:22:15'),(1326,2,'offline','2023-05-27 08:22:15'),(1327,3,'online','2023-05-27 08:22:15'),(1328,4,'offline','2023-05-27 08:22:15'),(1329,1,'offline','2023-05-27 08:23:16'),(1330,2,'offline','2023-05-27 08:23:16'),(1331,3,'online','2023-05-27 08:23:16'),(1332,4,'online','2023-05-27 08:23:16'),(1333,1,'online','2023-05-27 09:20:13'),(1334,2,'offline','2023-05-27 09:20:13'),(1335,3,'online','2023-05-27 09:20:13'),(1336,4,'online','2023-05-27 09:20:13'),(1337,1,'offline','2023-05-27 09:20:16'),(1338,2,'offline','2023-05-27 09:20:16'),(1339,3,'online','2023-05-27 09:20:16'),(1340,4,'online','2023-05-27 09:20:16'),(1341,1,'offline','2023-05-27 09:20:20'),(1342,2,'offline','2023-05-27 09:20:20'),(1343,3,'online','2023-05-27 09:20:20'),(1344,4,'offline','2023-05-27 09:20:20'),(1345,1,'offline','2023-05-27 09:20:30'),(1346,2,'online','2023-05-27 09:20:30'),(1347,3,'online','2023-05-27 09:20:30'),(1348,4,'offline','2023-05-27 09:20:30'),(1349,1,'offline','2023-05-28 08:20:36'),(1350,2,'online','2023-05-28 08:20:36'),(1351,3,'online','2023-05-28 08:20:36'),(1352,4,'online','2023-05-28 08:20:36'),(1353,1,'offline','2023-05-28 08:20:38'),(1354,2,'online','2023-05-28 08:20:38'),(1355,3,'online','2023-05-28 08:20:38'),(1356,4,'offline','2023-05-28 08:20:38'),(1357,1,'offline','2023-05-28 08:20:43'),(1358,2,'online','2023-05-28 08:20:43'),(1359,3,'online','2023-05-28 08:20:43'),(1360,4,'online','2023-05-28 08:20:43'),(1361,1,'offline','2023-05-28 08:20:45'),(1362,2,'online','2023-05-28 08:20:45'),(1363,3,'online','2023-05-28 08:20:45'),(1364,4,'offline','2023-05-28 08:20:45'),(1365,1,'offline','2023-05-28 08:20:55'),(1366,2,'online','2023-05-28 08:20:55'),(1367,3,'online','2023-05-28 08:20:55'),(1368,4,'online','2023-05-28 08:20:55'),(1369,1,'offline','2023-05-28 08:28:13'),(1370,2,'online','2023-05-28 08:28:13'),(1371,3,'online','2023-05-28 08:28:13'),(1372,4,'offline','2023-05-28 08:28:13'),(1373,1,'offline','2023-05-28 08:28:16'),(1374,2,'online','2023-05-28 08:28:16'),(1375,3,'online','2023-05-28 08:28:16'),(1376,4,'online','2023-05-28 08:28:16'),(1377,1,'offline','2023-05-28 08:28:20'),(1378,2,'online','2023-05-28 08:28:20'),(1379,3,'online','2023-05-28 08:28:20'),(1380,4,'offline','2023-05-28 08:28:20'),(1381,1,'offline','2023-05-28 08:28:22'),(1382,2,'online','2023-05-28 08:28:22'),(1383,3,'online','2023-05-28 08:28:22'),(1384,4,'online','2023-05-28 08:28:22'),(1385,1,'offline','2023-05-28 08:28:25'),(1386,2,'online','2023-05-28 08:28:25'),(1387,3,'online','2023-05-28 08:28:25'),(1388,4,'offline','2023-05-28 08:28:25'),(1389,1,'offline','2023-05-28 08:28:28'),(1390,2,'online','2023-05-28 08:28:28'),(1391,3,'online','2023-05-28 08:28:28'),(1392,4,'online','2023-05-28 08:28:28'),(1393,1,'offline','2023-05-28 08:29:19'),(1394,2,'online','2023-05-28 08:29:19'),(1395,3,'online','2023-05-28 08:29:19'),(1396,4,'offline','2023-05-28 08:29:19'),(1397,1,'offline','2023-05-28 08:29:21'),(1398,2,'online','2023-05-28 08:29:21'),(1399,3,'online','2023-05-28 08:29:21'),(1400,4,'online','2023-05-28 08:29:21'),(1401,1,'offline','2023-05-28 08:29:25'),(1402,2,'online','2023-05-28 08:29:25'),(1403,3,'offline','2023-05-28 08:29:25'),(1404,4,'online','2023-05-28 08:29:25'),(1405,1,'offline','2023-05-28 08:29:32'),(1406,2,'online','2023-05-28 08:29:32'),(1407,3,'online','2023-05-28 08:29:32'),(1408,4,'online','2023-05-28 08:29:32'),(1409,1,'offline','2023-05-28 08:34:16'),(1410,2,'online','2023-05-28 08:34:16'),(1411,3,'online','2023-05-28 08:34:16'),(1412,4,'offline','2023-05-28 08:34:16'),(1413,1,'offline','2023-05-28 08:34:18'),(1414,2,'online','2023-05-28 08:34:18'),(1415,3,'offline','2023-05-28 08:34:18'),(1416,4,'offline','2023-05-28 08:34:18'),(1417,1,'online','2023-05-28 08:37:06'),(1418,2,'online','2023-05-28 08:37:06'),(1419,3,'offline','2023-05-28 08:37:06'),(1420,4,'offline','2023-05-28 08:37:06'),(1421,1,'online','2023-05-28 08:37:15'),(1422,2,'online','2023-05-28 08:37:15'),(1423,3,'online','2023-05-28 08:37:15'),(1424,4,'offline','2023-05-28 08:37:15'),(1425,1,'offline','2023-05-28 08:37:22'),(1426,2,'online','2023-05-28 08:37:22'),(1427,3,'online','2023-05-28 08:37:22'),(1428,4,'offline','2023-05-28 08:37:22'),(1429,1,'offline','2023-05-28 08:37:25'),(1430,2,'online','2023-05-28 08:37:25'),(1431,3,'online','2023-05-28 08:37:25'),(1432,4,'online','2023-05-28 08:37:25'),(1433,1,'online','2023-05-28 08:38:05'),(1434,2,'online','2023-05-28 08:38:05'),(1435,3,'online','2023-05-28 08:38:05'),(1436,4,'online','2023-05-28 08:38:05'),(1437,1,'online','2023-05-28 08:40:28'),(1438,2,'online','2023-05-28 08:40:28'),(1439,3,'online','2023-05-28 08:40:28'),(1440,4,'online','2023-05-28 08:40:28'),(1441,1,'online','2023-05-28 08:40:38'),(1442,2,'online','2023-05-28 08:40:38'),(1443,3,'online','2023-05-28 08:40:38'),(1444,4,'online','2023-05-28 08:40:38'),(1445,1,'online','2023-05-28 08:40:40'),(1446,2,'offline','2023-05-28 08:40:40'),(1447,3,'online','2023-05-28 08:40:40'),(1448,4,'online','2023-05-28 08:40:40'),(1449,1,'online','2023-05-28 08:40:41'),(1450,2,'offline','2023-05-28 08:40:41'),(1451,3,'offline','2023-05-28 08:40:41'),(1452,4,'online','2023-05-28 08:40:41'),(1453,1,'online','2023-05-28 08:40:44'),(1454,2,'offline','2023-05-28 08:40:44'),(1455,3,'offline','2023-05-28 08:40:44'),(1456,4,'online','2023-05-28 08:40:44'),(1457,1,'online','2023-05-28 08:41:14'),(1458,2,'offline','2023-05-28 08:41:14'),(1459,3,'online','2023-05-28 08:41:14'),(1460,4,'online','2023-05-28 08:41:14'),(1461,1,'online','2023-05-28 08:41:21'),(1462,2,'offline','2023-05-28 08:41:21'),(1463,3,'online','2023-05-28 08:41:21'),(1464,4,'online','2023-05-28 08:41:21'),(1465,1,'online','2023-05-28 08:41:23'),(1466,2,'online','2023-05-28 08:41:23'),(1467,3,'online','2023-05-28 08:41:23'),(1468,4,'online','2023-05-28 08:41:23'),(1469,1,'online','2023-05-28 08:41:24'),(1470,2,'offline','2023-05-28 08:41:24'),(1471,3,'online','2023-05-28 08:41:24'),(1472,4,'online','2023-05-28 08:41:24'),(1473,1,'online','2023-05-28 08:41:25'),(1474,2,'offline','2023-05-28 08:41:25'),(1475,3,'offline','2023-05-28 08:41:25'),(1476,4,'online','2023-05-28 08:41:25'),(1477,1,'online','2023-05-28 08:41:26'),(1478,2,'offline','2023-05-28 08:41:26'),(1479,3,'offline','2023-05-28 08:41:26'),(1480,4,'offline','2023-05-28 08:41:26'),(1481,1,'online','2023-05-28 08:41:27'),(1482,2,'online','2023-05-28 08:41:27'),(1483,3,'offline','2023-05-28 08:41:27'),(1484,4,'offline','2023-05-28 08:41:27'),(1485,1,'online','2023-05-28 08:41:29'),(1486,2,'online','2023-05-28 08:41:29'),(1487,3,'online','2023-05-28 08:41:29'),(1488,4,'offline','2023-05-28 08:41:29'),(1489,1,'online','2023-05-28 08:49:31'),(1490,2,'online','2023-05-28 08:49:31'),(1491,3,'offline','2023-05-28 08:49:31'),(1492,4,'offline','2023-05-28 08:49:31'),(1493,1,'online','2023-05-28 08:49:58'),(1494,2,'online','2023-05-28 08:49:58'),(1495,3,'offline','2023-05-28 08:49:58'),(1496,4,'online','2023-05-28 08:49:58'),(1497,1,'online','2023-05-28 08:50:10'),(1498,2,'online','2023-05-28 08:50:10'),(1499,3,'offline','2023-05-28 08:50:10'),(1500,4,'offline','2023-05-28 08:50:10'),(1501,1,'online','2023-05-28 09:10:39'),(1502,2,'offline','2023-05-28 09:10:39'),(1503,3,'offline','2023-05-28 09:10:39'),(1504,4,'offline','2023-05-28 09:10:39'),(1505,1,'online','2023-05-28 09:10:59'),(1506,2,'online','2023-05-28 09:10:59'),(1507,3,'offline','2023-05-28 09:10:59'),(1508,4,'offline','2023-05-28 09:10:59'),(1509,1,'online','2023-05-28 09:19:52'),(1510,2,'online','2023-05-28 09:19:52'),(1511,3,'online','2023-05-28 09:19:52'),(1512,4,'offline','2023-05-28 09:19:52'),(1513,1,'online','2023-05-28 09:19:59'),(1514,2,'online','2023-05-28 09:19:59'),(1515,3,'online','2023-05-28 09:19:59'),(1516,4,'online','2023-05-28 09:19:59'),(1517,1,'online','2023-05-28 09:21:12'),(1518,2,'online','2023-05-28 09:21:12'),(1519,3,'online','2023-05-28 09:21:12'),(1520,4,'offline','2023-05-28 09:21:12'),(1521,1,'online','2023-05-28 09:21:15'),(1522,2,'online','2023-05-28 09:21:15'),(1523,3,'online','2023-05-28 09:21:15'),(1524,4,'online','2023-05-28 09:21:15'),(1525,1,'online','2023-05-28 16:50:44'),(1526,2,'online','2023-05-28 16:50:44'),(1527,3,'online','2023-05-28 16:50:44'),(1528,4,'online','2023-05-28 16:50:44'),(1529,1,'online','2023-05-28 17:00:13'),(1530,2,'online','2023-05-28 17:00:13'),(1531,3,'online','2023-05-28 17:00:13'),(1532,4,'online','2023-05-28 17:00:13'),(1533,1,'offline','2023-05-28 17:00:14'),(1534,2,'online','2023-05-28 17:00:14'),(1535,3,'online','2023-05-28 17:00:14'),(1536,4,'online','2023-05-28 17:00:14'),(1537,1,'offline','2023-05-28 17:00:16'),(1538,2,'offline','2023-05-28 17:00:16'),(1539,3,'online','2023-05-28 17:00:16'),(1540,4,'online','2023-05-28 17:00:16'),(1541,1,'offline','2023-05-28 17:00:17'),(1542,2,'offline','2023-05-28 17:00:17'),(1543,3,'offline','2023-05-28 17:00:17'),(1544,4,'online','2023-05-28 17:00:17'),(1545,1,'offline','2023-05-28 17:00:19'),(1546,2,'offline','2023-05-28 17:00:19'),(1547,3,'offline','2023-05-28 17:00:19'),(1548,4,'offline','2023-05-28 17:00:19'),(1549,1,'offline','2023-05-28 17:00:21'),(1550,2,'offline','2023-05-28 17:00:21'),(1551,3,'offline','2023-05-28 17:00:21'),(1552,4,'online','2023-05-28 17:00:21'),(1553,1,'offline','2023-05-28 17:00:22'),(1554,2,'offline','2023-05-28 17:00:22'),(1555,3,'online','2023-05-28 17:00:22'),(1556,4,'online','2023-05-28 17:00:22'),(1557,1,'offline','2023-05-28 17:00:23'),(1558,2,'online','2023-05-28 17:00:23'),(1559,3,'online','2023-05-28 17:00:23'),(1560,4,'online','2023-05-28 17:00:23'),(1561,1,'offline','2023-05-28 17:01:43'),(1562,2,'online','2023-05-28 17:01:43'),(1563,3,'online','2023-05-28 17:01:43'),(1564,4,'online','2023-05-28 17:01:43'),(1565,1,'offline','2023-06-01 17:47:33'),(1566,2,'online','2023-06-01 17:47:33'),(1567,3,'online','2023-06-01 17:47:33'),(1568,4,'online','2023-06-01 17:47:33'),(1569,1,'offline','2023-06-01 17:47:35'),(1570,2,'online','2023-06-01 17:47:35'),(1571,3,'online','2023-06-01 17:47:35'),(1572,4,'online','2023-06-01 17:47:35'),(1573,1,'offline','2023-06-01 17:47:37'),(1574,2,'online','2023-06-01 17:47:37'),(1575,3,'offline','2023-06-01 17:47:37'),(1576,4,'online','2023-06-01 17:47:37'),(1577,1,'offline','2023-06-01 18:00:03'),(1578,2,'online','2023-06-01 18:00:03'),(1579,3,'offline','2023-06-01 18:00:03'),(1580,4,'online','2023-06-01 18:00:03'),(1581,1,'offline','2023-06-01 18:00:07'),(1582,2,'online','2023-06-01 18:00:07'),(1583,3,'offline','2023-06-01 18:00:07'),(1584,4,'online','2023-06-01 18:00:07'),(1585,1,'offline','2023-06-01 18:00:53'),(1586,2,'online','2023-06-01 18:00:53'),(1587,3,'offline','2023-06-01 18:00:53'),(1588,4,'online','2023-06-01 18:00:53'),(1589,1,'offline','2023-06-01 18:00:58'),(1590,2,'online','2023-06-01 18:00:58'),(1591,3,'offline','2023-06-01 18:00:58'),(1592,4,'online','2023-06-01 18:00:58'),(1593,1,'offline','2023-06-01 18:01:59'),(1594,2,'online','2023-06-01 18:01:59'),(1595,3,'offline','2023-06-01 18:01:59'),(1596,4,'online','2023-06-01 18:01:59'),(1597,1,'offline','2023-06-01 18:02:12'),(1598,2,'online','2023-06-01 18:02:12'),(1599,3,'offline','2023-06-01 18:02:12'),(1600,4,'online','2023-06-01 18:02:12'),(1601,1,'offline','2023-06-01 18:02:18'),(1602,2,'online','2023-06-01 18:02:18'),(1603,3,'online','2023-06-01 18:02:18'),(1604,4,'online','2023-06-01 18:02:18'),(1605,1,'offline','2023-06-01 18:02:19'),(1606,2,'online','2023-06-01 18:02:19'),(1607,3,'offline','2023-06-01 18:02:19'),(1608,4,'online','2023-06-01 18:02:19'),(1609,1,'offline','2023-06-01 18:02:25'),(1610,2,'online','2023-06-01 18:02:25'),(1611,3,'offline','2023-06-01 18:02:25'),(1612,4,'online','2023-06-01 18:02:25'),(1613,1,'offline','2023-06-01 18:02:27'),(1614,2,'online','2023-06-01 18:02:27'),(1615,3,'offline','2023-06-01 18:02:27'),(1616,4,'online','2023-06-01 18:02:27'),(1617,1,'offline','2023-06-01 18:02:28'),(1618,2,'online','2023-06-01 18:02:28'),(1619,3,'offline','2023-06-01 18:02:28'),(1620,4,'online','2023-06-01 18:02:28'),(1621,1,'offline','2023-06-01 18:02:29'),(1622,2,'online','2023-06-01 18:02:29'),(1623,3,'offline','2023-06-01 18:02:29'),(1624,4,'online','2023-06-01 18:02:29'),(1625,1,'offline','2023-06-01 18:02:29'),(1626,2,'online','2023-06-01 18:02:29'),(1627,3,'offline','2023-06-01 18:02:29'),(1628,4,'online','2023-06-01 18:02:29'),(1629,1,'offline','2023-06-01 18:15:06'),(1630,2,'online','2023-06-01 18:15:06'),(1631,3,'offline','2023-06-01 18:15:06'),(1632,4,'online','2023-06-01 18:15:06'),(1633,1,'offline','2023-06-01 18:25:12'),(1634,2,'online','2023-06-01 18:25:12'),(1635,3,'offline','2023-06-01 18:25:12'),(1636,4,'online','2023-06-01 18:25:12'),(1637,1,'offline','2023-06-01 18:26:52'),(1638,2,'online','2023-06-01 18:26:52'),(1639,3,'offline','2023-06-01 18:26:52'),(1640,4,'online','2023-06-01 18:26:52'),(1641,1,'offline','2023-06-01 18:28:22'),(1642,2,'online','2023-06-01 18:28:22'),(1643,3,'offline','2023-06-01 18:28:22'),(1644,4,'online','2023-06-01 18:28:22'),(1645,1,'offline','2023-06-01 18:28:47'),(1646,2,'online','2023-06-01 18:28:47'),(1647,3,'offline','2023-06-01 18:28:47'),(1648,4,'online','2023-06-01 18:28:47'),(1649,1,'offline','2023-06-01 18:29:30'),(1650,2,'online','2023-06-01 18:29:30'),(1651,3,'offline','2023-06-01 18:29:30'),(1652,4,'online','2023-06-01 18:29:30'),(1653,1,'offline','2023-06-01 18:30:14'),(1654,2,'online','2023-06-01 18:30:14'),(1655,3,'offline','2023-06-01 18:30:14'),(1656,4,'online','2023-06-01 18:30:14'),(1657,1,'offline','2023-06-01 18:30:38'),(1658,2,'online','2023-06-01 18:30:38'),(1659,3,'offline','2023-06-01 18:30:38'),(1660,4,'online','2023-06-01 18:30:38'),(1661,1,'offline','2023-06-01 18:31:09'),(1662,2,'online','2023-06-01 18:31:09'),(1663,3,'offline','2023-06-01 18:31:09'),(1664,4,'online','2023-06-01 18:31:09'),(1665,1,'offline','2023-06-01 18:31:39'),(1666,2,'online','2023-06-01 18:31:39'),(1667,3,'offline','2023-06-01 18:31:39'),(1668,4,'online','2023-06-01 18:31:39'),(1669,1,'offline','2023-06-01 18:31:41'),(1670,2,'online','2023-06-01 18:31:41'),(1671,3,'offline','2023-06-01 18:31:41'),(1672,4,'online','2023-06-01 18:31:41'),(1673,1,'offline','2023-06-01 18:31:47'),(1674,2,'online','2023-06-01 18:31:47'),(1675,3,'offline','2023-06-01 18:31:47'),(1676,4,'online','2023-06-01 18:31:47'),(1677,1,'offline','2023-06-01 18:31:48'),(1678,2,'online','2023-06-01 18:31:48'),(1679,3,'offline','2023-06-01 18:31:48'),(1680,4,'online','2023-06-01 18:31:48'),(1681,1,'offline','2023-06-01 18:31:55'),(1682,2,'online','2023-06-01 18:31:55'),(1683,3,'offline','2023-06-01 18:31:55'),(1684,4,'online','2023-06-01 18:31:55'),(1685,1,'offline','2023-06-01 18:32:00'),(1686,2,'online','2023-06-01 18:32:00'),(1687,3,'offline','2023-06-01 18:32:00'),(1688,4,'online','2023-06-01 18:32:00'),(1689,1,'offline','2023-06-05 18:14:03'),(1690,2,'online','2023-06-05 18:14:03'),(1691,3,'offline','2023-06-05 18:14:03'),(1692,4,'online','2023-06-05 18:14:03'),(1693,1,'online','2023-06-05 18:14:08'),(1694,2,'online','2023-06-05 18:14:08'),(1695,3,'offline','2023-06-05 18:14:08'),(1696,4,'online','2023-06-05 18:14:08'),(1697,1,'offline','2023-06-05 18:14:10'),(1698,2,'online','2023-06-05 18:14:10'),(1699,3,'offline','2023-06-05 18:14:10'),(1700,4,'online','2023-06-05 18:14:10'),(1701,1,'online','2023-06-05 18:14:11'),(1702,2,'online','2023-06-05 18:14:11'),(1703,3,'offline','2023-06-05 18:14:11'),(1704,4,'online','2023-06-05 18:14:11'),(1705,1,'online','2023-06-05 18:14:12'),(1706,2,'offline','2023-06-05 18:14:12'),(1707,3,'offline','2023-06-05 18:14:12'),(1708,4,'online','2023-06-05 18:14:12'),(1709,1,'offline','2023-06-05 18:14:13'),(1710,2,'offline','2023-06-05 18:14:13'),(1711,3,'offline','2023-06-05 18:14:13'),(1712,4,'online','2023-06-05 18:14:13'),(1713,1,'offline','2023-06-05 18:14:22'),(1714,2,'offline','2023-06-05 18:14:22'),(1715,3,'offline','2023-06-05 18:14:22'),(1716,4,'online','2023-06-05 18:14:22'),(1717,1,'offline','2023-06-05 18:14:55'),(1718,2,'offline','2023-06-05 18:14:55'),(1719,3,'offline','2023-06-05 18:14:55'),(1720,4,'online','2023-06-05 18:14:55'),(1721,1,'offline','2023-06-05 18:14:57'),(1722,2,'offline','2023-06-05 18:14:57'),(1723,3,'offline','2023-06-05 18:14:57'),(1724,4,'online','2023-06-05 18:14:57'),(1725,1,'offline','2023-06-05 18:15:14'),(1726,2,'offline','2023-06-05 18:15:14'),(1727,3,'offline','2023-06-05 18:15:14'),(1728,4,'online','2023-06-05 18:15:14'),(1729,1,'offline','2023-06-05 18:15:25'),(1730,2,'offline','2023-06-05 18:15:25'),(1731,3,'offline','2023-06-05 18:15:25'),(1732,4,'online','2023-06-05 18:15:25'),(1733,1,'offline','2023-06-05 18:15:28'),(1734,2,'offline','2023-06-05 18:15:28'),(1735,3,'offline','2023-06-05 18:15:28'),(1736,4,'online','2023-06-05 18:15:28'),(1737,1,'offline','2023-06-05 18:16:53'),(1738,2,'offline','2023-06-05 18:16:53'),(1739,3,'offline','2023-06-05 18:16:53'),(1740,4,'online','2023-06-05 18:16:53'),(1741,1,'offline','2023-06-05 18:17:02'),(1742,2,'offline','2023-06-05 18:17:02'),(1743,3,'offline','2023-06-05 18:17:02'),(1744,4,'online','2023-06-05 18:17:02'),(1745,1,'offline','2023-06-05 18:18:24'),(1746,2,'offline','2023-06-05 18:18:24'),(1747,3,'offline','2023-06-05 18:18:24'),(1748,4,'online','2023-06-05 18:18:24'),(1749,1,'offline','2023-06-05 18:18:28'),(1750,2,'offline','2023-06-05 18:18:28'),(1751,3,'offline','2023-06-05 18:18:28'),(1752,4,'online','2023-06-05 18:18:28'),(1753,1,'offline','2023-06-05 18:19:51'),(1754,2,'offline','2023-06-05 18:19:51'),(1755,3,'offline','2023-06-05 18:19:51'),(1756,4,'online','2023-06-05 18:19:51'),(1757,1,'offline','2023-06-05 18:23:48'),(1758,2,'offline','2023-06-05 18:23:48'),(1759,3,'offline','2023-06-05 18:23:48'),(1760,4,'online','2023-06-05 18:23:48'),(1761,1,'offline','2023-06-05 18:24:18'),(1762,2,'offline','2023-06-05 18:24:18'),(1763,3,'offline','2023-06-05 18:24:18'),(1764,4,'online','2023-06-05 18:24:18'),(1765,1,'offline','2023-06-05 18:24:27'),(1766,2,'offline','2023-06-05 18:24:27'),(1767,3,'offline','2023-06-05 18:24:27'),(1768,4,'online','2023-06-05 18:24:27'),(1769,1,'offline','2023-06-05 18:24:35'),(1770,2,'offline','2023-06-05 18:24:35'),(1771,3,'offline','2023-06-05 18:24:35'),(1772,4,'online','2023-06-05 18:24:35'),(1773,1,'offline','2023-06-05 18:24:47'),(1774,2,'offline','2023-06-05 18:24:47'),(1775,3,'offline','2023-06-05 18:24:47'),(1776,4,'online','2023-06-05 18:24:47'),(1777,1,'offline','2023-06-05 18:25:09'),(1778,2,'offline','2023-06-05 18:25:09'),(1779,3,'offline','2023-06-05 18:25:09'),(1780,4,'online','2023-06-05 18:25:09'),(1781,1,'offline','2023-06-05 18:25:59'),(1782,2,'offline','2023-06-05 18:25:59'),(1783,3,'offline','2023-06-05 18:25:59'),(1784,4,'online','2023-06-05 18:25:59'),(1785,1,'offline','2023-06-05 18:26:12'),(1786,2,'offline','2023-06-05 18:26:12'),(1787,3,'offline','2023-06-05 18:26:12'),(1788,4,'online','2023-06-05 18:26:12'),(1789,1,'offline','2023-06-05 18:26:19'),(1790,2,'offline','2023-06-05 18:26:19'),(1791,3,'offline','2023-06-05 18:26:19'),(1792,4,'online','2023-06-05 18:26:19'),(1793,1,'offline','2023-06-05 18:26:28'),(1794,2,'offline','2023-06-05 18:26:28'),(1795,3,'offline','2023-06-05 18:26:28'),(1796,4,'online','2023-06-05 18:26:28'),(1797,1,'offline','2023-06-05 18:26:38'),(1798,2,'offline','2023-06-05 18:26:38'),(1799,3,'offline','2023-06-05 18:26:38'),(1800,4,'online','2023-06-05 18:26:38'),(1801,1,'offline','2023-06-05 18:27:31'),(1802,2,'offline','2023-06-05 18:27:31'),(1803,3,'offline','2023-06-05 18:27:31'),(1804,4,'online','2023-06-05 18:27:31'),(1805,1,'offline','2023-06-05 18:27:36'),(1806,2,'offline','2023-06-05 18:27:36'),(1807,3,'offline','2023-06-05 18:27:36'),(1808,4,'online','2023-06-05 18:27:36'),(1809,1,'offline','2023-06-05 18:27:50'),(1810,2,'offline','2023-06-05 18:27:50'),(1811,3,'offline','2023-06-05 18:27:50'),(1812,4,'online','2023-06-05 18:27:50'),(1813,1,'offline','2023-06-05 18:28:16'),(1814,2,'offline','2023-06-05 18:28:16'),(1815,3,'offline','2023-06-05 18:28:16'),(1816,4,'online','2023-06-05 18:28:16'),(1817,1,'offline','2023-06-05 18:28:38'),(1818,2,'offline','2023-06-05 18:28:38'),(1819,3,'offline','2023-06-05 18:28:38'),(1820,4,'online','2023-06-05 18:28:38'),(1821,1,'offline','2023-06-05 18:28:40'),(1822,2,'offline','2023-06-05 18:28:40'),(1823,3,'offline','2023-06-05 18:28:40'),(1824,4,'online','2023-06-05 18:28:40'),(1825,1,'offline','2023-06-05 18:28:41'),(1826,2,'offline','2023-06-05 18:28:41'),(1827,3,'offline','2023-06-05 18:28:41'),(1828,4,'online','2023-06-05 18:28:41'),(1829,1,'offline','2023-06-05 18:28:42'),(1830,2,'offline','2023-06-05 18:28:42'),(1831,3,'offline','2023-06-05 18:28:42'),(1832,4,'online','2023-06-05 18:28:42'),(1833,1,'offline','2023-06-05 18:28:43'),(1834,2,'offline','2023-06-05 18:28:43'),(1835,3,'offline','2023-06-05 18:28:43'),(1836,4,'online','2023-06-05 18:28:43'),(1837,1,'offline','2023-06-05 18:28:44'),(1838,2,'offline','2023-06-05 18:28:44'),(1839,3,'offline','2023-06-05 18:28:44'),(1840,4,'online','2023-06-05 18:28:44'),(1841,1,'offline','2023-06-05 18:28:45'),(1842,2,'offline','2023-06-05 18:28:45'),(1843,3,'offline','2023-06-05 18:28:45'),(1844,4,'online','2023-06-05 18:28:45'),(1845,1,'offline','2023-06-05 18:28:50'),(1846,2,'offline','2023-06-05 18:28:50'),(1847,3,'offline','2023-06-05 18:28:50'),(1848,4,'online','2023-06-05 18:28:50'),(1849,1,'offline','2023-06-05 18:28:59'),(1850,2,'offline','2023-06-05 18:28:59'),(1851,3,'offline','2023-06-05 18:28:59'),(1852,4,'online','2023-06-05 18:28:59'),(1853,1,'offline','2023-06-06 16:24:22'),(1854,2,'offline','2023-06-06 16:24:22'),(1855,3,'offline','2023-06-06 16:24:22'),(1856,4,'online','2023-06-06 16:24:22');
/*!40000 ALTER TABLE `statusLog` ENABLE KEYS */;
UNLOCK TABLES;
/*!40103 SET TIME_ZONE=@OLD_TIME_ZONE */;

/*!40101 SET SQL_MODE=@OLD_SQL_MODE */;
/*!40014 SET FOREIGN_KEY_CHECKS=@OLD_FOREIGN_KEY_CHECKS */;
/*!40014 SET UNIQUE_CHECKS=@OLD_UNIQUE_CHECKS */;
/*!40101 SET CHARACTER_SET_CLIENT=@OLD_CHARACTER_SET_CLIENT */;
/*!40101 SET CHARACTER_SET_RESULTS=@OLD_CHARACTER_SET_RESULTS */;
/*!40101 SET COLLATION_CONNECTION=@OLD_COLLATION_CONNECTION */;
/*!40111 SET SQL_NOTES=@OLD_SQL_NOTES */;

-- Dump completed on 2023-06-06 18:27:47
